id,domain,status,purchase_price,renewal_price,attractiveness,demand,length,registrar,created_at,expires_at,status_verified_at
df3e0882-8870-4f4c-9f87-a969e0c8ae44,radiator.technology,available,9.85,23.76,high,low,8,dynadot,,,29/09/2026 20:06
223e54f2-e5b0-4e96-8b04-a3dba5a737e8,topologic.technology,available,3.98,37.98,medium,low,9,namecheap,,,11/09/2026 17:52
895d1608-3026-4d8d-9e99-09917382e81b,adoringly.technology,available,3.98,37.98,medium,low,9,namecheap,,,13/09/2026 17:23
ae7b3c6b-14af-4b19-8e3d-208e781bf720,unschooled.technology,available,3.98,37.98,medium,low,10,namecheap,,,12/09/2026 18:54
d8feab18-33eb-4b1c-8a3a-2c69fc6434ad,hyaloid.technology,available,3.98,37.98,medium,low,7,namecheap,,,21/08/2026 16:08
393b851c-0891-434e-bb59-9e3a390f34f8,charcoal.technology,available,3.98,37.98,high,low,8,namecheap,,,12/08/2026 02:24
5b38db3a-8fa0-4f15-95a3-f25487649989,mat.technology,premium,78.54,78.54,high,low,3,namesilo,,,08/09/2026 07:48
32aba405-3470-44a6-b161-150b1d700f5a,retailed.technology,available,12.99,28.49,medium,low,8,namesilo,,,20/09/2026 16:31
34ccf27d-05c6-4456-b9e8-82a72f579971,organise.technology,available,12.99,28.49,high,low,8,namesilo,,,23/09/2026 23:21
1981f4a8-a0d0-4893-a43a-9e31e4fefc5a,trusty.technology,available,3.98,37.98,high,low,6,namecheap,,,11/09/2026 20:49
4b0dde9b-340a-426f-9f68-275efba34fb9,balanus.technology,available,3.98,37.98,medium,low,7,namecheap,,,21/09/2026 21:03
021fe4ed-e939-4756-9b49-3c421ed4d84a,plummet.technology,available,3.98,37.98,medium,low,7,namecheap,,,08/09/2026 21:42
0c05c573-bec7-4155-b82b-c813677f66e7,extending.technology,available,22.2,22.2,medium,low,9,cloudflare,,,29/09/2026 10:43
359da7eb-74d9-4c8d-8e55-6f98a4c2b1fb,randoms.technology,available,12.99,28.49,low,low,7,namesilo,,,19/09/2026 22:13
afba81d0-7e80-4f66-8f6d-6ca502087cb1,sevenfold.technology,available,3.98,37.98,high,low,9,namecheap,,,10/09/2026 04:25
cdea46a7-ca16-40b9-85db-359810abb041,moo.technology,available,3.98,37.98,high,low,3,namecheap,,,24/08/2026 10:19
aa98d139-5994-44b3-ab99-e0e1fc8a7469,geoffrey.technology,available,3.98,37.98,medium,low,8,namecheap,,,25/09/2026 13:35
4f8668ca-dd35-4655-aad8-8cbed8f421bd,depression.technology,available,12.99,28.49,medium,low,10,namesilo,,,25/09/2026 14:31
a4c6cbec-19e8-4239-ae4c-49c8a5add6c6,buzzed.technology,available,17.99,,high,low,6,name.com,,,
b61a447f-c30b-46b7-83a7-5c5213d0b852,indirectly.technology,available,3.98,37.98,medium,low,10,namecheap,,,15/09/2026 07:58
f0543220-9099-460e-ace1-37983ddaa900,magnetized.technology,available,3.98,37.98,medium,low,10,namecheap,,,24/08/2026 13:04
d2e5dbe3-05d5-4e8f-97e2-8717fd98bcbc,abscess.technology,available,12.99,28.49,medium,low,7,namesilo,,,16/09/2026 17:31
088bea4a-3bd7-4240-9707-e2ab85193cb3,slain.technology,available,3.98,37.98,medium,low,5,namecheap,,,10/09/2026 09:53
4b2d844a-a797-43bc-9cec-7518f572352b,blackness.technology,available,3.98,37.98,medium,low,9,namecheap,,,10/08/2026 10:54
7ab68398-6022-4d30-949c-797b82ef9a59,snapping.technology,available,17.99,,high,low,8,name.com,,,
602259a4-6cb3-4805-82d8-cff3b4cd93d7,barbu.technology,available,12.99,28.49,medium,low,5,namesilo,,,22/09/2026 05:04
8fd21352-4c62-4470-b388-9d8a6fd31e27,delivers.technology,available,3.31,22.97,medium,low,8,spaceship,,,29/09/2026 10:50
664f4565-1da8-43db-aacc-cd9df12f2902,equality.technology,available,3.31,22.97,high,low,8,spaceship,,,28/09/2026 19:07
d8d9fc1e-11e4-4c27-969e-6a5bc7108a12,leila.technology,available,3.31,22.97,high,low,5,spaceship,,,29/09/2026 17:56
bb6995ce-953f-4846-9337-ba311de9a986,burbling.technology,available,3.98,37.98,medium,low,8,namecheap,,,11/08/2026 10:10
d1e2f9f4-d1e8-473a-981d-c443184057fd,backer.technology,available,12.99,28.49,high,low,6,namesilo,,,21/09/2026 15:26
b3421802-7ed2-4097-845d-7b7c92e0969f,avarice.technology,available,12.99,28.49,medium,low,7,namesilo,,,21/09/2026 08:42
bccefdde-4eef-4b11-8561-e835e1c890f2,facilitation.technology,available,12.99,28.49,high,low,12,namesilo,,,17/09/2026 01:02
7ca90f8e-5788-4ba7-ba5e-91793d482ac3,signatures.technology,available,12,,medium,low,10,unstoppable,,,28/09/2026 23:59
6afa4614-4bf8-46a7-b409-71e2941bdfca,toughened.technology,available,3.98,37.98,medium,low,9,namecheap,,,11/09/2026 10:54
db0ecf93-5551-4026-8770-dfa73dd29525,biceps.technology,available,12.99,28.49,high,low,6,namesilo,,,23/09/2026 13:05
bcb0781c-27fb-4e8b-a21d-ccbbc123fc25,atomism.technology,available,12.99,28.49,medium,low,7,namesilo,,,21/09/2026 00:24
fa4263df-a4c6-483c-b23a-2cefefb18f84,marion.technology,available,12.99,28.49,high,low,6,namesilo,,,25/09/2026 14:37
ac9527c7-4a08-417e-9769-6b18ebe4e56b,rode.technology,available,12,,high,low,4,unstoppable,,,28/09/2026 11:10
d0a583be-d1ff-4ca0-b5bb-3acd738414da,ruse.technology,available,12.99,28.49,medium,low,4,namesilo,,,20/09/2026 11:33
f4a8ad74-7be1-44c5-ae6c-a593b5476f5f,lived.technology,available,3.98,37.98,high,low,5,namecheap,,,25/09/2026 20:09
abf4c778-daba-4303-ba86-dfc528e96e9c,programme.technology,available,12.99,28.49,high,low,9,namesilo,,,24/09/2026 16:59
1e48dbd0-27b5-4352-ac9b-65f404cbeaae,noises.technology,available,3.98,37.98,low,low,6,namecheap,,,28/09/2026 13:21
e54402d6-bfc0-4694-9a6c-1e4ffe95ad9b,guayaquil.technology,available,22.2,22.2,medium,low,9,cloudflare,,,30/09/2026 01:48
378ff454-cffb-457c-b823-b634ee84aa34,plastic.technology,resell,,,high,low,7,"Spaceship, Inc.",23/02/2026 08:57,23/02/2027 08:57,26/09/2026 08:11
2ad8d1b3-07e1-461a-9a37-aae15c6db595,endicott.technology,available,22.2,22.2,medium,low,8,cloudflare,,,30/09/2026 01:32
1b1feaa9-ae5f-4631-a622-9ac7ef3abe27,followers.technology,available,3.98,37.98,high,low,9,namecheap,,,18/08/2026 10:24
3155795e-0440-42ba-aee5-e1b321c6b3ff,neuroscience.technology,premium,102.67,102.67,high,low,12,spaceship,,,28/09/2026 04:12
7d96ee64-4810-40a6-a757-67d3d8672631,tantalize.technology,available,3.98,37.98,medium,low,9,namecheap,,,21/09/2026 19:52
bc20b047-ef74-41b1-acde-0942a87ab5c9,compilation.technology,available,17.99,,high,low,11,name.com,,,
bfcae106-2914-47c2-9c9f-2cbacb6f9bd0,graphics.technology,premium,118.8,118.8,high,low,8,namesilo,,,28/09/2026 22:24
a8169a1f-753a-47e2-bc99-39ce2b8d205b,alexandra.technology,available,12.99,28.49,medium,low,9,namesilo,,,27/09/2026 02:30
df1a6308-8123-455a-882d-0863ebc76378,surfbird.technology,available,12.99,28.49,medium,low,8,namesilo,,,19/09/2026 17:13
f92cf5e8-2f13-422c-a605-cf0369e865fd,hatred.technology,available,12.99,28.49,medium,low,6,namesilo,,,29/09/2026 22:18
027e2552-7b7a-4945-9a83-c7d445398c40,sumatran.technology,available,3.98,37.98,high,low,8,namecheap,,,11/09/2026 01:31
d812587a-5e31-4296-af9f-5872adbe732f,hotly.technology,available,3.98,37.98,medium,low,5,namecheap,,,14/09/2026 23:58
884448e2-b6c6-4215-8191-5b9a38e35a2c,beefeater.technology,available,3.98,37.98,high,low,9,namecheap,,,23/09/2026 01:09
88893d94-dd7d-4ca2-9c02-3da93df1acfd,octagonal.technology,available,3.98,37.98,medium,low,9,namecheap,,,04/09/2026 00:37
bc800f5a-d21d-434e-be67-508013a9e841,throwing.technology,available,3.98,37.98,high,low,8,namecheap,,,27/09/2026 08:46
8a924b61-148b-4f3c-8cca-76b5b3339b1e,arpent.technology,available,12.99,28.49,medium,low,6,namesilo,,,20/09/2026 08:38
9096109c-4204-4a8a-bb36-1950c7e9a0db,darcy.technology,available,22.2,22.2,high,low,5,cloudflare,,,30/09/2026 00:47
fc11149a-b2b5-4523-ba56-3ef06619eeeb,register.technology,premium,854,854,high,low,8,namesilo,,,25/09/2026 22:07
fe6bb813-3cf7-48fd-996d-68b21c7d4b04,beheading.technology,available,12.99,28.49,medium,low,9,namesilo,,,23/09/2026 03:20
fc18f856-3dc2-44b7-a731-dde786657e0d,designated.technology,available,9.85,23.76,medium,low,10,dynadot,,,28/09/2026 22:42
b9b3a3ab-5a50-406a-994b-066791d37bfe,rocking.technology,available,12.99,28.49,high,low,7,namesilo,,,28/09/2026 15:55
10efb414-e300-4dcb-8f69-390317eac4bc,festive.technology,available,3.98,37.98,high,low,7,namecheap,,,18/08/2026 02:14
d28f955d-f211-480e-9bf3-899e58d0cf78,caustic.technology,available,3.98,37.98,medium,low,7,namecheap,,,
923807eb-aba6-4454-bc76-9f90705983f6,aestival.technology,available,3.98,37.98,medium,low,8,namecheap,,,
41adc1c4-bcb0-4025-9b44-5a7608a35463,squab.technology,available,3.98,37.98,medium,low,5,namecheap,,,10/09/2026 17:08
80620ea0-3eea-4baa-8c83-ce22cc354e3a,aspheric.technology,available,3.98,37.98,medium,low,8,namecheap,,,07/08/2026 04:52
a001a00f-441a-4194-94e0-da7dbced9c1d,aspirant.technology,available,3.98,37.98,medium,low,8,namecheap,,,07/08/2026 05:02
91c72ced-f311-4d8d-b9ce-8ba1ae9809e7,horrific.technology,available,3.98,37.98,medium,low,8,namecheap,,,14/08/2026 08:59
89e8df95-e320-42f5-a020-7390bb5e611e,irritating.technology,available,3.98,37.98,medium,low,10,namecheap,,,
b058a2e5-37d9-434c-8d6b-3612a011615b,evasion.technology,available,12,,high,low,7,unstoppable,,,29/09/2026 18:40
8e34810a-02cd-4a78-87f3-485bbb190a57,rose.technology,resell,,,high,medium,4,"Sav.com, LLC - 23",19/08/2025 15:15,19/08/2027 15:15,27/09/2026 16:23
5007356f-55e5-485f-8738-3c8287c374f7,functions.technology,available,12.99,28.49,medium,low,9,namesilo,,,17/09/2026 05:18
d7a5654f-1f99-4a9c-ba66-85083d9e557a,ignorant.technology,available,3.98,37.98,high,low,8,namecheap,,,21/08/2026 18:27
5f69a5b7-0c15-4168-b38a-23759325f808,murdered.technology,available,3.98,37.98,medium,low,8,namecheap,,,03/09/2026 11:02
d4494120-6965-4dfd-a374-18e6feb49ca8,arianrhod.technology,available,12.99,28.49,medium,low,9,namesilo,,,20/09/2026 05:14
d54b3d17-7e92-46e2-9c4e-bd4cd7b11a11,bleary.technology,available,3.98,37.98,medium,low,6,namecheap,,,10/08/2026 13:59
2c679c3e-0923-4d09-a301-0b4c13ea41fa,agromania.technology,available,3.98,37.98,medium,low,9,namecheap,,,17/09/2026 19:38
ac5164ae-07ba-4f57-8533-811d04d2257c,automat.technology,available,12.99,28.49,high,low,7,namesilo,,,21/09/2026 06:52
d16ff181-8ee7-4fd1-95e3-cbc7e7851aae,creole.technology,available,3.98,37.98,high,low,6,namecheap,,,13/08/2026 06:07
d618f8f6-14b5-45e3-a5f7-f7e74011cdcc,launches.technology,available,12.99,28.49,medium,low,8,namesilo,,,21/09/2026 09:09
4523435f-9af9-4a08-ab44-053f0078f82f,confidence.technology,available,12.99,28.49,high,low,10,namesilo,,,20/09/2026 16:46
4afc3216-d6ae-482b-97ea-62889349b25a,violence.technology,available,12.99,28.49,high,low,8,namesilo,,,27/09/2026 03:55
9c96961a-6705-4aad-ab01-32534dbb8dd3,scag.technology,available,12.99,28.49,medium,low,4,namesilo,,,23/09/2026 14:40
5e6d576a-554d-48d4-b538-d35973b12616,antinomy.technology,available,12.99,28.49,medium,low,8,namesilo,,,19/09/2026 14:49
e5655c60-832b-4a63-816f-f15c9ec016e0,abducted.technology,available,9.85,23.76,medium,low,8,dynadot,,,29/09/2026 05:02
3cea8a95-7d8d-4d74-8e69-34c3bac16751,tornados.technology,available,12.99,28.49,medium,low,8,namesilo,,,16/09/2026 14:12
93c99978-8747-46c5-be67-d5f44ed7a943,cups.technology,available,12.99,28.49,medium,low,4,namesilo,,,18/09/2026 07:17
abbfee5a-d4d6-4cf2-b3de-db92a5a71206,abdallah.technology,available,3.98,37.98,medium,low,8,namecheap,,,29/09/2026 21:48
ed2b7fe1-07af-4848-8657-e5f3b6a32eda,thoracic.technology,available,3.98,37.98,medium,low,8,namecheap,,,08/09/2026 12:02
a992740b-8551-4c51-ae41-48b25fc762e0,calibre.technology,available,12.99,28.49,high,low,7,namesilo,,,24/09/2026 11:45
24a5ab9d-2763-4824-8c6b-461ecf1ffb7a,zip.technology,premium,78.54,78.54,high,low,3,namesilo,,,03/09/2026 22:43
11428f1d-ca89-4a51-a41e-5148ed7bf5fa,cappuccino.technology,available,9.78,23.17,high,low,10,porkbun,,,29/09/2026 07:24
b4cd0e5c-dd79-4ad3-bdd6-219a97f58a70,listens.technology,available,9.78,23.17,medium,low,7,porkbun,,,29/09/2026 11:31
3f76eb56-2ae5-4f53-9658-701e71c402ca,treble.technology,available,3.98,37.98,high,low,6,namecheap,,,14/08/2026 16:41
b41d0205-b179-4582-a10e-7de4fdc10cbf,hayseed.technology,available,3.98,37.98,medium,low,7,namecheap,,,21/08/2026 08:05
d4bb293d-310a-438f-92e4-a6352b0de22d,aeration.technology,available,12.99,28.49,medium,low,8,namesilo,,,17/09/2026 12:46
0f93a707-5c00-47eb-a0b9-a7e77e81a714,likelihood.technology,available,12,,high,low,10,unstoppable,,,29/09/2026 01:35
4421d430-4ff5-4e5d-9bf0-1c2ec30d6625,akhenaten.technology,available,12.99,28.49,medium,low,9,namesilo,,,17/09/2026 23:57
04ffa4ad-ae9e-488d-a64c-2ed490f92127,davies.technology,premium,78.54,78.54,medium,low,6,namesilo,,,29/09/2026 03:54
becd273a-299b-4713-83bd-0b4156835067,better.technology,resell,,,high,medium,6,Porkbun LLC,15/07/2019 09:37,15/07/2027 09:37,26/09/2026 04:23
3ad84167-8d8c-4b95-b9b4-1c14664fde80,vibrations.technology,available,3.98,37.98,medium,low,10,namecheap,,,29/09/2026 23:57
c2e1c57c-cdc4-458d-ad1a-29caec4f245a,siegfried.technology,available,3.31,22.97,medium,low,9,spaceship,,,30/09/2026 02:51
180a7b30-8c04-41c4-8bf0-bc173433f696,ytterbium.technology,available,3.98,37.98,medium,low,9,namecheap,,,20/09/2026 23:38
fdcab0e9-90c5-4304-a178-a7b108161fce,randomly.technology,available,3.98,37.98,medium,low,8,namecheap,,,13/09/2026 20:35
2728bad0-a925-402e-aa15-ef4955f235b7,canterbury.technology,available,3.31,22.97,high,low,10,spaceship,,,29/09/2026 18:10
d46fcbd4-794c-4ea1-8569-a1721496d4e9,admirer.technology,available,12.99,28.49,high,low,7,namesilo,,,17/09/2026 08:56
b832c00c-73cc-4d31-baec-bccdf4a1c48c,spiraea.technology,available,12.99,28.49,medium,low,7,namesilo,,,20/09/2026 17:28
f9859162-f12f-4e2f-87dc-834321c3d3be,lps.technology,available,3.98,37.98,high,low,3,namecheap,,,28/09/2026 11:44
dc3fdabc-23cd-447f-8863-08ea92d5ab91,colleges.technology,available,9.78,23.17,medium,low,8,porkbun,,,29/09/2026 05:34
9260c065-3a83-4dad-adf2-e8480658eec6,instructor.technology,available,12,,high,low,10,unstoppable,,,28/09/2026 02:10
00b26095-26de-4530-b799-fb9dce5cb785,pigeons.technology,available,12.99,28.49,medium,low,7,namesilo,,,20/09/2026 07:08
9d115475-8820-4910-b3c6-187527c01c19,requisitions.technology,available,12.99,28.49,medium,low,12,namesilo,,,20/09/2026 14:26
882f9c7a-5d24-4d45-b4d2-1ff2e311e490,dimmed.technology,available,3.98,37.98,medium,low,6,namecheap,,,14/08/2026 08:08
c8a407cf-9e89-4818-858f-90bfef0a5094,feminine.technology,available,12.99,28.49,high,low,8,namesilo,,,24/09/2026 17:35
7cd1fb5d-11b5-4ac2-9462-5c56605c2ee4,longwise.technology,available,3.98,37.98,medium,low,8,namecheap,,,22/08/2026 23:42
a04ca036-d59d-4b9b-93ca-d91de8698dd4,downfall.technology,available,12.99,28.49,medium,low,8,namesilo,,,24/09/2026 23:39
c46e8ccd-0ce9-4c5b-a3a5-ff5c8fbfb458,tricolor.technology,available,3.98,37.98,medium,low,8,namecheap,,,11/09/2026 19:26
34c1d58e-e577-4f3a-b6c2-1930c7048740,und.technology,premium,78.54,78.54,high,low,3,namesilo,,,25/09/2026 11:22
6c8f41c0-5bc4-4f3d-a600-a81e541a6a72,cooler.technology,available,3.98,37.98,high,low,6,namecheap,,,24/09/2026 18:05
e784b6f8-d2f9-4c85-9f55-e08e59b16892,romanians.technology,available,3.31,22.97,medium,low,9,spaceship,,,30/09/2026 00:08
8f9b651c-1f2b-4d4d-8660-3a5fa67e1d5c,plosive.technology,available,3.98,37.98,medium,low,7,namecheap,,,04/09/2026 00:16
df498b9c-d843-4918-83b4-41c69e71e4d5,centrical.technology,available,3.98,37.98,medium,low,9,namecheap,,,12/08/2026 00:12
59a05d99-48ca-486b-9b98-daac04ce758f,gabby.technology,available,3.98,37.98,high,low,5,namecheap,,,12/08/2026 03:18
fb548505-2a53-4643-8796-661bad6661f8,grazed.technology,available,3.98,37.98,medium,low,6,namecheap,,,20/08/2026 19:29
98f0707c-5fa3-44fb-9339-9082fb272156,advisedly.technology,available,3.98,37.98,medium,low,9,namecheap,,,13/09/2026 17:38
93393f4b-0797-4407-a885-81b973c93e0d,smoothed.technology,available,3.98,37.98,medium,low,8,namecheap,,,10/09/2026 12:07
97ebca93-e4ae-4a47-9fa3-34163f104552,goddam.technology,available,3.98,37.98,medium,low,6,namecheap,,,10/08/2026 12:44
fe1da973-e824-400c-8351-d2647d9809a6,submissive.technology,available,3.98,37.98,medium,low,10,namecheap,,,11/09/2026 00:25
b3dbaa37-7be5-4993-812f-e56367d1d444,hunchback.technology,available,3.98,37.98,medium,low,9,namecheap,,,13/08/2026 07:49
d39461e9-641b-40c1-ac04-74082b6de4cf,eulogy.technology,available,3.98,37.98,high,low,6,namecheap,,,05/09/2026 00:43
2814f336-5e92-4f19-a0af-e2271f016049,apposition.technology,available,12.99,28.49,medium,low,10,namesilo,,,19/09/2026 22:03
64b7c337-c8ee-4dcd-9b72-632243e68cc4,adenoid.technology,available,3.98,37.98,medium,low,7,namecheap,,,
ef89b0f2-d3a0-419a-a082-62b713287730,robbins.technology,available,12.99,28.49,medium,low,7,namesilo,,,29/09/2026 01:23
5b37f733-b846-429f-9d17-2a6e2228d3ce,relations.technology,available,17.99,,high,low,9,name.com,,,
f652caa7-c347-4dde-ab50-ddd55208fd8b,incensed.technology,available,3.98,37.98,medium,low,8,namecheap,,,22/08/2026 01:01
c73e9ce3-e203-49a8-8735-823792f6da45,rochelle.technology,available,3.98,37.98,medium,low,8,namecheap,,,28/09/2026 22:08
4bec8aac-df5a-4fd6-9a48-1e0aea507a94,wad.technology,premium,38.94,38.94,high,low,3,namesilo,,,25/08/2026 00:49
0e268532-a212-49b0-ace6-46fe530cb0d0,cams.technology,available,12.99,28.49,high,low,4,namesilo,,,20/09/2026 11:30
15dc8274-87af-44e1-af80-1705341b6b8c,harlow.technology,available,3.31,22.97,high,low,6,spaceship,,,28/09/2026 05:57
4a6988fc-e690-4e6c-8613-48632380b577,humming.technology,available,12.99,28.49,high,low,7,namesilo,,,29/09/2026 07:18
7054186f-51c5-4e1a-9dce-8aeb869754e0,indecent.technology,available,12.99,28.49,medium,low,8,namesilo,,,25/09/2026 09:06
43610f42-d2c8-4979-902c-5cb288b67de0,ownership.technology,available,12.99,28.49,high,low,9,namesilo,,,28/09/2026 15:02
776a5aee-7408-4056-ac9a-3343043ebc24,candlenut.technology,available,12.99,28.49,medium,low,9,namesilo,,,18/09/2026 05:37
b49a37ca-1088-4bbb-92b7-c3a80800163a,veal.technology,available,17.99,,medium,low,4,name.com,,,
7e083dc9-1b52-4239-8544-9847d8a72a94,scenic.technology,available,3.98,37.98,high,low,6,namecheap,,,09/09/2026 22:58
7abe2a2e-cacd-4ee7-829a-b4a3a085a44c,flashy.technology,available,3.98,37.98,high,low,6,namecheap,,,18/08/2026 06:33
8f4e27cb-80ca-4f00-b9d6-d577388c2b2c,tokens.technology,resell,,,high,medium,6,"Sav.com, LLC",08/09/2025 17:19,08/09/2027 17:19,26/09/2026 09:40
631b65a5-877e-4802-8356-af03420d676b,touchstone.technology,available,3.98,37.98,high,low,10,namecheap,,,10/09/2026 18:36
3855e2ca-b756-4751-afb5-f781919689e5,polyploid.technology,available,3.98,37.98,medium,low,9,namecheap,,,08/09/2026 23:29
3d18eeae-058f-48a3-8a35-e4ce79ca4cb9,nurtural.technology,available,3.98,37.98,medium,low,8,namecheap,,,03/09/2026 23:07
cd878bc8-83ac-4364-ae02-077f12ccd1cb,spry.technology,available,3.98,37.98,high,low,4,namecheap,,,
5127b797-e85a-407c-bd99-49bcfaf827c7,angle.technology,resell,,,high,low,5,"Spaceship, Inc.",08/07/2026 11:44,08/07/2027 11:44,26/09/2026 03:52
7b44e906-d8ce-469d-869a-9710b7f1af87,decidedly.technology,available,3.98,37.98,medium,low,9,namecheap,,,14/09/2026 02:04
bc358921-96ff-4c2c-ae16-9bc8282b2fc9,spaciously.technology,available,3.98,37.98,medium,low,10,namecheap,,,16/09/2026 00:04
fc50928f-dbde-4e6a-828c-b8638b8c07a0,havana.technology,available,3.98,37.98,high,low,6,namecheap,,,28/09/2026 13:38
0d57f1e1-370c-45d5-a561-72f8dda6887b,antalya.technology,available,12.99,28.49,high,low,7,namesilo,,,17/09/2026 06:10
10f5afb0-fb24-4b76-84b4-5e9628c16b8d,sanction.technology,available,3.98,37.98,high,low,8,namecheap,,,03/09/2026 23:24
df284a14-44c9-470b-894b-915a05fab9eb,stinky.technology,available,3.98,37.98,high,low,6,namecheap,,,13/08/2026 05:18
0a51d507-644a-4c15-a7be-3797db63fe35,conga.technology,available,12.99,28.49,high,low,5,namesilo,,,24/09/2026 17:17
4b1d1f3a-0076-4994-9a52-9d1e7ebaf9e5,acarina.technology,available,3.98,37.98,medium,low,7,namecheap,,,16/09/2026 21:31
922c26d5-00e4-4e16-957c-6dbbc4e62f5a,lamenting.technology,available,3.98,37.98,medium,low,9,namecheap,,,22/08/2026 19:02
cb6904ae-44df-4f33-b16e-c535d6539ad0,anthracite.technology,available,12.99,28.49,medium,low,10,namesilo,,,19/09/2026 13:48
4013120c-2198-43fe-92ba-27b00855afee,immunology.technology,available,22.2,22.2,high,low,10,cloudflare,,,30/09/2026 01:58
d80af937-aad3-47ef-887c-af9e28c1ee1c,steer.technology,available,3.31,22.97,high,low,5,spaceship,,,29/09/2026 10:54
de7180f5-5b0c-4c51-a954-f718a7932e02,statues.technology,available,9.85,23.76,high,low,7,dynadot,,,29/09/2026 10:39
c6e0cd89-cfe7-40ea-b7cd-c8dcb41df817,proverb.technology,available,12.99,28.49,high,low,7,namesilo,,,17/09/2026 06:07
76ed40d7-e767-4613-baa9-6c3ba01f1357,woods.technology,premium,102.67,102.67,high,low,5,spaceship,,,29/09/2026 19:51
e2af4532-f386-4f53-8409-fa1a6ba5ab8b,prohibition.technology,available,12,,medium,low,11,unstoppable,,,29/09/2026 15:19
00d15307-a5dd-4124-b182-59e32719f8a4,sabin.technology,available,12.99,28.49,high,low,5,namesilo,,,18/09/2026 02:37
d0895540-e01e-47a8-8781-030ca6a9b08c,biased.technology,available,3.98,37.98,medium,low,6,namecheap,,,09/08/2026 18:36
68e82af0-5592-4d5d-bf6c-a2208fd125b6,unleaded.technology,available,3.98,37.98,high,low,8,namecheap,,,22/08/2026 21:46
4b79e4bd-4445-4630-8dd0-22f33e51e374,employed.technology,available,3.98,37.98,high,low,8,namecheap,,,16/08/2026 18:24
e5cac3ce-42f1-4692-b7fa-9806120cf685,terracotta.technology,available,12.99,28.49,high,low,11,namesilo,,,17/09/2026 09:12
3a45b6df-584b-448c-ad0a-2c637a4f2f99,insurance.technology,resell,,,high,medium,9,"Spaceship, Inc.",29/09/2021 17:00,29/09/2027 17:00,29/09/2026 23:58
c9554001-1233-4629-960e-730b4c717d80,moonless.technology,available,3.98,37.98,medium,low,8,namecheap,,,25/08/2026 05:54
c5aa9edb-086a-4577-a7ae-d88b3a8dba86,applier.technology,available,12.99,28.49,medium,low,7,namesilo,,,19/09/2026 21:54
5a7ed3b5-a8cc-46e3-9217-c152809984ac,devote.technology,available,17.99,,high,low,6,name.com,,,
5f5deae5-331f-4e81-b7d7-0c887849d401,easton.technology,available,12.99,28.49,high,low,6,namesilo,,,25/09/2026 16:33
27dcea23-427b-4908-98c6-4540da484203,marston.technology,available,12.99,28.49,medium,low,7,namesilo,,,28/09/2026 16:09
9e33de89-b952-4a00-8770-83fbf90eb364,ivan.technology,available,12.99,28.49,high,low,4,namesilo,,,25/09/2026 12:04
7fbf4813-27b6-40f9-9f52-156f63093eca,cocks.technology,available,12.99,28.49,medium,low,5,namesilo,,,18/09/2026 23:39
ec8339a2-9998-40e7-aae9-2a2498598dda,copying.technology,available,3.31,22.97,high,low,7,spaceship,,,30/09/2026 01:06
79f372d3-6d4d-4368-b991-0b8f0a562ae6,democrat.technology,available,12.99,28.49,high,low,8,namesilo,,,29/09/2026 13:56
2770a39b-d232-4771-943d-953c8d079406,cantonal.technology,available,3.98,37.98,medium,low,8,namecheap,,,11/08/2026 17:44
5aba2c10-6c26-485d-8dfd-61b2e21e67a1,arroba.technology,available,3.98,37.98,medium,low,6,namecheap,,,20/09/2026 09:18
a6ef91a5-40fe-4b88-a97b-b26e83511e9c,tipperary.technology,available,3.31,22.97,high,low,9,spaceship,,,29/09/2026 09:36
d63e0339-14da-4466-8973-65d09242a3e4,shod.technology,available,3.98,37.98,medium,low,4,namecheap,,,11/08/2026 13:43
37bde4cc-dd1f-489d-bc0a-d85ebc9b6bfb,ribs.technology,available,12.99,28.49,medium,low,4,namesilo,,,28/09/2026 00:08
6baa66df-a897-4027-9953-4a6dcdafda59,blow.technology,available,17.99,41.99,high,low,4,name.com,,,23/09/2026 01:59
5f95d227-1108-43c9-afa3-d811c6042d60,smiling.technology,available,22.2,22.2,high,low,7,cloudflare,,,27/09/2026 23:05
833adf3f-40d4-4d25-b14a-ca87f046a4de,bph.technology,available,12.99,28.49,high,low,3,namesilo,,,23/09/2026 08:07
cb5da6b8-ad86-412e-934e-54bb91e2aae9,needy.technology,available,12.99,28.49,medium,low,5,namesilo,,,24/09/2026 06:57
244383d7-3173-40fd-b2af-507665994450,swishing.technology,available,12.99,28.49,high,low,8,namesilo,,,18/09/2026 03:16
f1b7a1eb-f3d5-4840-9a89-110077f11f43,scheme.technology,available,17.99,,high,low,6,name.com,,,
7e1a5812-c56b-4870-86df-1a6251819c9c,blackmailing.technology,available,17.99,,medium,low,12,name.com,,,
c9a4414b-eaf0-455f-9d58-4691da4764df,phallic.technology,available,3.98,37.98,medium,low,7,namecheap,,,08/09/2026 18:31
4fd1acac-2b1e-422a-b944-7b83d383b749,citrous.technology,available,12.99,28.49,medium,low,7,namesilo,,,25/09/2026 05:54
6548548a-8d41-4e3e-8dc6-62c6b1c2fee5,xinjiang.technology,available,3.31,22.97,medium,low,8,spaceship,,,28/09/2026 20:28
836171ce-64cc-43fc-a39b-f9fe5e9a9620,altawhid.technology,available,12.99,28.49,medium,low,9,namesilo,,,18/09/2026 01:07
a3627831-361d-41f3-a214-be9e0d980503,occupier.technology,available,3.98,37.98,high,low,8,namecheap,,,09/09/2026 14:58
7b7d7f55-1e04-46bb-84d8-398a2e9b2964,locked.technology,available,3.98,37.98,high,low,6,namecheap,,,27/09/2026 02:54
2c1caa54-c752-403c-b7c7-fe9092c4e016,loath.technology,available,3.98,37.98,medium,low,5,namecheap,,,24/08/2026 08:17
dbbf654d-0bd2-4929-867e-65740572a898,ametria.technology,available,,,medium,low,7,,,,18/09/2026 21:07
f5e49ef1-7f4b-4c29-b0c3-c6fb3e2a0252,pint.technology,available,3.31,22.97,medium,low,4,spaceship,,,29/09/2026 12:06
8cf0dd8b-9fac-4cb7-b79b-4d961cd6f0e4,offend.technology,available,12,,medium,low,6,unstoppable,,,28/09/2026 18:28
504e4121-a382-464a-8396-69dfbf6c5234,brecht.technology,available,12.99,28.49,high,low,6,namesilo,,,23/09/2026 10:18
5e05188d-7f05-4766-ba65-06a075ec42a4,snake.technology,available,17.99,,high,low,5,name.com,,,
a1f8d227-f035-42b2-9c4b-7458aab1e170,vendable.technology,available,3.98,37.98,medium,low,8,namecheap,,,24/08/2026 20:30
b58c827f-e5ea-49dc-9d0f-27ea0d2a8441,tethered.technology,available,3.98,37.98,medium,low,8,namecheap,,,11/09/2026 12:10
59e6c1e5-d096-4ab7-b393-75374b6899be,earmark.technology,available,3.98,37.98,medium,low,7,namecheap,,,06/08/2026 09:08
59d1308c-36cb-4fcf-bf13-da907f5bea94,anvers.technology,available,12.99,28.49,medium,low,6,namesilo,,,19/09/2026 15:49
67b454ad-90d2-47d2-aaf1-bad2b0f5b1ae,alternatives.technology,available,3.98,37.98,medium,low,12,namecheap,,,19/09/2026 21:34
d84b4165-7bc9-46c9-a771-516c1bfd7ec0,patchy.technology,available,3.98,37.98,medium,low,6,namecheap,,,08/09/2026 10:20
22670d54-9819-41d3-aa87-d3aec6d7a02a,occupational.technology,available,12.99,28.49,medium,low,12,namesilo,,,29/09/2026 03:01
bab48fca-16af-4694-87c4-5cbd4a65db22,pallas.technology,available,3.98,37.98,high,low,6,namecheap,,,20/09/2026 20:39
54d4f935-2dd4-47cd-ae2b-d09054c8eb46,capsular.technology,available,3.98,37.98,medium,low,8,namecheap,,,08/09/2026 04:10
782ed45f-4899-4ee3-a04d-98311f2e6527,beamish.technology,available,3.98,37.98,medium,low,7,namecheap,,,09/08/2026 04:08
b232a261-77a8-4925-9ed9-eeecdeb98d21,subocean.technology,available,3.98,37.98,low,low,8,namecheap,,,11/09/2026 00:32
4a930792-a7db-43a0-bf9e-5ab392da6b0d,rebuilt.technology,available,12.99,28.49,high,low,7,namesilo,,,29/09/2026 16:05
aec36c7e-f810-4446-a8c2-26275a4d0ac9,last.technology,resell,,,high,low,4,"Sav.com, LLC",16/08/2020 09:25,16/08/2027 09:25,26/09/2026 07:08
868d3b04-bd33-411c-8a7a-273ae4ba96e6,unconfined.technology,available,3.98,37.98,high,low,10,namecheap,,,12/09/2026 06:03
4cb3b368-c748-4a61-ad53-6ca242cad3b7,patton.technology,available,12.99,28.49,high,low,6,namesilo,,,25/09/2026 16:06
66390900-60bf-44ab-b0ae-11ade8b000e8,funerals.technology,available,12.99,28.49,medium,low,8,namesilo,,,29/09/2026 17:32
cba5864d-4302-4662-ad2a-a3f30d7f610a,claudia.technology,available,3.98,37.98,high,low,7,namecheap,,,25/09/2026 13:43
6c6f1269-ecd2-4c53-a9b8-0c42a6c635fe,allelic.technology,available,3.98,37.98,medium,low,7,namecheap,,,
481a100a-c9ed-469a-b3e4-f1fb5629f5b3,cantaloup.technology,available,12.99,28.49,high,low,9,namesilo,,,24/09/2026 12:08
ebff3a12-4640-4bf6-bf2c-0ccb9db99722,baked.technology,available,3.98,37.98,high,low,5,namecheap,,,
d4d4eb17-6abd-4651-81c4-6dcaa0130d53,clink.technology,available,3.98,37.98,medium,low,5,namecheap,,,08/09/2026 22:47
d126c27d-583b-4f43-8914-70e8c965f34b,militant.technology,available,3.98,37.98,high,low,8,namecheap,,,
9e94d86a-cb39-4f3b-8301-3262be8bead9,markers.technology,available,9.78,23.17,low,low,7,porkbun,,,29/09/2026 06:04
674ae0e2-e4b8-48f1-a9e2-4ea7b6c85f9a,boldface.technology,available,3.98,37.98,high,low,8,namecheap,,,10/08/2026 17:43
0a4198c0-2e5b-4381-bc4c-3afc4742230a,tenured.technology,available,3.98,37.98,high,low,7,namecheap,,,11/09/2026 11:43
1ffe278a-3d21-49b2-8310-684b0e91cc69,locomote.technology,available,3.98,37.98,medium,low,8,namecheap,,,20/08/2026 15:49
1666a4d3-9c0d-4490-9f44-e4d204d5044e,brakes.technology,available,17.99,41.99,high,low,6,name.com,,,24/09/2026 08:09
b73eec08-f300-4b9a-bd6d-904892f0914a,vladivostok.technology,available,12.99,28.49,high,low,11,namesilo,,,29/09/2026 15:13
b4859a2b-29e1-47c0-b2b3-8b51bb4b4a52,unbleached.technology,available,3.98,37.98,medium,low,10,namecheap,,,12/09/2026 02:04
01eac766-21e5-4cca-8f03-ef66653dc8d1,favorably.technology,available,3.98,37.98,high,low,9,namecheap,,,14/09/2026 18:00
8855d7f1-40e1-4724-bdfd-7e866a14677f,approaching.technology,available,3.98,37.98,high,low,11,namecheap,,,25/09/2026 11:21
24ccd8d9-c0c6-4f4c-b74b-9e47d782e31b,acc.technology,resell,,,high,low,3,"Spaceship, Inc.",30/06/2026 17:00,30/06/2027 17:00,26/09/2026 01:20
7599822a-91dd-4883-b1f0-fc6a871a8300,lure.technology,available,3.98,37.98,high,low,4,namecheap,,,21/09/2026 19:43
2f3f5c68-1b39-4dc6-be89-f5b985d94540,shannon.technology,available,12.99,28.49,high,low,7,namesilo,,,25/09/2026 04:16
08d4acb6-8d76-4346-91d0-f3038d18b4b7,isomorphic.technology,available,3.98,37.98,high,low,10,namecheap,,,22/08/2026 11:12
30885d75-8505-406c-ab0b-f200abc0d8a4,hatless.technology,available,3.98,37.98,medium,low,7,namecheap,,,21/08/2026 01:20
0df2bf16-10dc-4726-b5d4-9e88333c1a66,yuan.technology,available,12.99,28.49,high,low,4,namesilo,,,29/09/2026 07:27
abd02da8-8dcf-4321-ac91-027caf530177,lunisolar.technology,available,3.98,37.98,medium,low,9,namecheap,,,24/08/2026 11:31
3fed0663-ad4a-4785-b390-654c54693ed3,perjury.technology,available,3.98,37.98,medium,low,7,namecheap,,,22/09/2026 21:18
6e9523b1-41c0-4642-bd67-007c1d19db50,dependance.technology,available,3.98,37.98,medium,low,10,namecheap,,,17/09/2026 06:55
1c07435f-62b8-4d98-a252-395753fbb6cf,orangish.technology,available,3.98,37.98,medium,low,8,namecheap,,,04/09/2026 17:26
5f2635e8-01ad-4720-aa84-0d5c630fdaf7,ghetto.technology,available,12.99,28.49,high,low,6,namesilo,,,27/09/2026 13:47
166395c8-a3dd-4813-a09e-db329b4aa327,spirited.technology,available,3.98,37.98,high,low,8,namecheap,,,27/09/2026 03:25
b04bf26f-9cb5-4ca5-802a-d92885ddb6c6,stacey.technology,available,9.85,23.76,medium,low,6,dynadot,,,28/09/2026 07:44
029f155b-c30b-4341-9a89-eba83414518b,recognizable.technology,available,17.99,,high,low,12,name.com,,,
3fa4160b-e9b0-475f-8057-faf59b9cc5aa,geology.technology,available,12,,high,low,7,unstoppable,,,29/09/2026 07:05
e0abeee0-5ff4-43c8-be3f-174cd60ed2a8,knives.technology,available,3.98,37.98,medium,low,6,namecheap,,,28/09/2026 05:00
8eaeceb5-2d66-4df4-8c99-6367a9db316a,testily.technology,available,3.98,37.98,low,low,7,namecheap,,,15/09/2026 09:30
73315613-6e4c-4c9f-810a-ca5963ff22ef,clad.technology,available,3.98,37.98,high,low,4,namecheap,,,12/08/2026 09:13
3a52aa34-ca94-44ef-93cf-bc25a2ca3ba6,mysteries.technology,available,12.99,28.49,high,low,9,namesilo,,,28/09/2026 17:32
d2571dc0-ac84-417a-9d64-12c563451a4b,ngc.technology,available,22.2,22.2,medium,low,3,cloudflare,,,28/09/2026 13:16
cb03c0a5-4da3-428e-8413-253bf0e3841e,bradbury.technology,available,3.31,22.97,high,low,8,spaceship,,,28/09/2026 13:35
aa6c6bff-26e4-4e9c-9a70-f065067e56bf,intestate.technology,available,3.98,37.98,medium,low,9,namecheap,,,22/08/2026 08:24
9da49b02-70a1-4512-a346-4235bee59add,papery.technology,available,3.98,37.98,medium,low,6,namecheap,,,12/08/2026 02:43
cbf2a917-83b8-49eb-81d3-2bcf8c18e9e3,poet.technology,available,12.99,28.49,high,low,4,namesilo,,,27/09/2026 05:01
c32936a4-7f9f-43e1-a2f3-e92c85ed5953,actuary.technology,available,12.99,28.49,high,low,7,namesilo,,,17/09/2026 05:21
5404ec08-51b4-4816-a3c0-dce934d27da9,nantucket.technology,available,9.85,23.76,medium,low,9,dynadot,,,28/09/2026 19:57
825399e0-fae6-411e-b99f-e39249532f74,grandpa.technology,available,12,,high,low,7,unstoppable,,,29/09/2026 21:12
019e2437-ff68-471a-b96b-333c50f5ebeb,spunky.technology,available,3.98,37.98,high,low,6,namecheap,,,18/08/2026 00:49
c6e01f6e-5306-4e76-ba92-4ad408ba6522,signally.technology,available,3.98,37.98,medium,low,8,namecheap,,,16/09/2026 01:49
db97464b-f966-426f-956c-c1d5c00f0431,pitahaya.technology,available,12.99,28.49,medium,low,8,namesilo,,,16/09/2026 20:46
7af7fede-c805-47fa-84ab-06ea7d1f6fac,presage.technology,available,3.98,37.98,high,low,7,namecheap,,,09/09/2026 02:57
9d07bef8-f1f6-4be3-bac6-4243e93cfa28,starless.technology,available,3.98,37.98,medium,low,8,namecheap,,,10/09/2026 18:52
05b1e2c9-b87c-470d-92f3-2c19d3e00b8f,dives.technology,available,17.99,,high,low,5,name.com,,,
5a8cfb7a-f38e-4c43-bf66-412426510c4e,nepali.technology,available,3.98,37.98,high,low,6,namecheap,,,03/09/2026 15:37
99eae36c-88d2-4fce-b679-dc5af0f5c41a,narcotics.technology,available,12.99,28.49,medium,low,9,namesilo,,,28/09/2026 22:46
24a21cf0-bd2f-43fa-a338-c8ca0ad5eeb8,unfirm.technology,available,3.98,37.98,low,low,6,namecheap,,,12/09/2026 10:19
41ca4ac2-7c37-4e59-880a-e51b69e955f0,quickness.technology,available,22.2,22.2,high,low,9,cloudflare,,,28/09/2026 18:29
9cfd11b6-7b59-4efa-b557-00b864fcc597,casablanca.technology,available,3.98,37.98,high,low,10,namecheap,,,30/09/2026 01:00
7fa46ba3-153a-4ccf-bf12-fa51566e2400,craftily.technology,available,3.98,37.98,medium,low,8,namecheap,,,14/09/2026 09:00
02f7f4f1-18ca-4336-8b88-5e97297f4f8c,avestan.technology,available,3.98,37.98,medium,low,7,namecheap,,,07/08/2026 23:07
728082de-7ded-41e8-a9c1-da53133e40c2,retardant.technology,available,17.99,,medium,low,9,name.com,,,
e6fc04ea-83ab-4749-9319-b5a1ab6af8f3,adaxial.technology,available,3.98,37.98,medium,low,7,namecheap,,,
9ba4e5b4-d075-4b2a-bde5-29c72f493bad,aken.technology,available,12.99,28.49,medium,low,4,namesilo,,,16/09/2026 13:08
898a4151-a8f6-415e-bc0d-5e200fe4532d,nasally.technology,available,3.98,37.98,medium,low,7,namecheap,,,15/09/2026 16:10
c5455da6-2d56-4005-977d-d4f8b9192da7,carolina.technology,available,3.31,22.97,high,low,8,spaceship,,,28/09/2026 01:35
d918661b-6ba1-45f8-b4ca-1eb89bfabaab,reconstruct.technology,available,22.2,22.2,high,low,11,cloudflare,,,29/09/2026 21:11
0b0db61c-28df-4628-9390-21624bedf890,fulfilling.technology,available,3.31,22.97,high,low,10,spaceship,,,29/09/2026 21:22
5e0890e1-4f0b-4d31-b8e2-cd99659f3638,copies.technology,available,12.99,28.49,medium,low,6,namesilo,,,27/09/2026 09:16
f229516d-7699-4f89-9df1-d75450065232,apace.technology,available,3.98,37.98,medium,low,5,namecheap,,,13/09/2026 20:22
6a796f20-6683-4650-aa30-acaee133d660,sylvester.technology,available,12,,high,low,9,unstoppable,,,29/09/2026 15:28
209e3db2-0219-4c1a-bda2-9abdb462cfa9,dessert.technology,available,22.2,22.2,high,low,7,cloudflare,,,30/09/2026 01:29
60c354be-eb37-42f5-9a49-dadf76690dc6,enclosed.technology,available,3.98,37.98,high,low,8,namecheap,,,16/08/2026 22:21
f84a5d46-6edd-4fe5-8f96-d1b257c48ade,delinquent.technology,available,3.98,37.98,medium,low,10,namecheap,,,14/08/2026 00:42
0c8d72a3-03e0-417c-9df5-c9964be65466,holiness.technology,available,3.31,22.97,high,low,8,spaceship,,,29/09/2026 19:10
40f18fa2-0a6b-44c3-a352-7e49ef46f25b,sweep.technology,available,12.99,28.49,high,low,5,namesilo,,,24/09/2026 10:48
81950cd7-c525-4de6-ac67-b8dd272a6773,taunting.technology,available,3.98,37.98,medium,low,8,namecheap,,,14/08/2026 02:54
ff2b8ca8-2faf-4c35-92ba-f660df1a9469,acores.technology,available,12.99,28.49,medium,low,6,namesilo,,,17/09/2026 02:16
5989b093-d7fd-4802-8983-3d75148d73a1,dig.technology,premium,78.54,78.54,high,low,3,namesilo,,,24/09/2026 23:51
ab016083-c966-4f36-b979-0d9905606c8d,ortega.technology,available,3.31,22.97,medium,low,6,spaceship,,,28/09/2026 05:29
6404669f-d656-49db-8f35-832283479367,dendritic.technology,available,3.98,37.98,medium,low,9,namecheap,,,14/08/2026 01:48
5225add4-1268-450d-a6d3-b89414131790,imbecile.technology,available,3.98,37.98,medium,low,8,namecheap,,,21/08/2026 20:22
d0ec1b8b-f01f-4420-a397-d75d251bcd67,westmoreland.technology,available,22.2,22.2,high,low,12,cloudflare,,,28/09/2026 04:13
0c97d11e-9798-4ff0-86f2-f8e4faf1a305,protector.technology,available,12,,high,low,9,unstoppable,,,28/09/2026 13:52
2e339775-1a89-4aec-af52-38af16e9e9a8,disease.technology,available,12.99,28.49,high,low,7,namesilo,,,29/09/2026 15:40
254d41a0-d9d5-47b8-931b-1a27454d0a54,dinnertime.technology,available,12.99,28.49,high,low,10,namesilo,,,24/09/2026 22:22
8faf539a-f17f-4104-bbaa-753f774e3c76,novgorod.technology,available,12.99,28.49,medium,low,8,namesilo,,,28/09/2026 10:35
a02416ba-552a-458b-a43c-b5f135b92471,eligible.technology,available,3.98,37.98,high,low,8,namecheap,,,16/08/2026 04:35
63982dd3-6259-401e-a543-f88ca6fd8ce4,concordant.technology,available,3.98,37.98,medium,low,10,namecheap,,,12/08/2026 20:16
87fbf6b7-fca6-4d51-b20c-2a808edb16cb,marlene.technology,available,3.98,37.98,medium,low,7,namecheap,,,28/09/2026 22:01
07c5a9d3-d877-490e-854c-28bde1b35351,tref.technology,available,3.98,37.98,medium,low,4,namecheap,,,03/09/2026 19:37
e4d8338c-0e22-45ee-8020-1af195dd586d,doncaster.technology,available,3.31,22.97,high,low,9,spaceship,,,29/09/2026 23:47
e292a100-4910-46d1-aba5-2764c6711468,leyte.technology,available,3.31,22.97,medium,low,5,spaceship,,,29/09/2026 01:34
82792266-839f-472c-a770-dea39bb2497d,sagacious.technology,available,3.98,37.98,high,low,9,namecheap,,,08/09/2026 18:02
1a48de7a-f880-468a-9284-590410a2deca,massacre.technology,available,12.99,28.49,medium,low,8,namesilo,,,28/09/2026 18:34
6fa204f2-6f01-43c1-aca5-28cc1d0f9124,araxes.technology,available,12.99,28.49,medium,low,6,namesilo,,,20/09/2026 00:19
476b9671-b94e-40d6-997f-3107c2d99a00,flushed.technology,available,3.98,37.98,high,low,7,namecheap,,,18/08/2026 09:26
29b96958-6aad-4c6f-8c7a-b155d6074c20,formulated.technology,available,3.98,37.98,high,low,10,namecheap,,,18/08/2026 12:22
37e30259-5b70-4a6c-934e-904a7810d745,choosey.technology,available,3.98,37.98,medium,low,7,namecheap,,,12/08/2026 06:55
bca552c2-9d88-44e5-8822-2501109f4d2b,luscious.technology,available,3.98,37.98,high,low,8,namecheap,,,14/08/2026 00:22
72446c2d-fc4c-40c8-a58c-88f5cd4494e9,seals.technology,available,17.99,,high,low,5,name.com,,,
879a36e7-129a-4d5d-9427-408eefac3286,dawkins.technology,available,3.31,22.97,medium,low,7,spaceship,,,29/09/2026 15:39
09d3287c-2479-4595-992d-063b059e27c6,haywire.technology,available,3.98,37.98,medium,low,7,namecheap,,,
773f771d-477f-4ad5-958c-964748a076d5,testator.technology,available,3.98,37.98,medium,low,8,namecheap,,,11/09/2026 12:02
f5fd3836-8cb0-4488-8e54-982903397717,lightless.technology,available,3.98,37.98,medium,low,9,namecheap,,,23/08/2026 04:36
5d0642f0-be1a-42e4-ad2a-b5c722e4a1d6,lichens.technology,available,12,,low,low,7,unstoppable,,,29/09/2026 05:48
fb507f6f-3e1f-4638-bed5-dffead9a089f,petals.technology,available,12.99,28.49,medium,low,6,namesilo,,,29/09/2026 17:41
629667ce-2038-4aff-b6c0-f7fc76148943,seagoing.technology,available,3.98,37.98,medium,low,8,namecheap,,,04/09/2026 00:24
ba8b9cf6-67e7-490a-9015-9cdfa0705569,starch.technology,available,3.98,37.98,high,low,6,namecheap,,,19/09/2026 00:32
19812d1e-afe8-4451-b552-6461717f0c1e,masterless.technology,available,3.98,37.98,medium,low,10,namecheap,,,24/08/2026 09:55
52917bac-5967-418e-ab95-e627f32eccc6,lulu.technology,available,3.98,37.98,high,low,4,namecheap,,,22/08/2026 16:47
50231f8e-9377-4d70-b35b-ebb9e4ad523f,prosecuted.technology,available,3.31,22.97,low,low,10,spaceship,,,29/09/2026 17:43
afff08b3-3af3-4a83-85a6-7eef4f17f6da,darken.technology,available,17.99,,high,low,6,name.com,,,
a254c09d-ee64-4727-b7c8-ba33edaec81a,crinkle.technology,available,3.98,37.98,high,low,7,namecheap,,,13/08/2026 07:16
fee575cd-b5c1-46a4-8114-38bc15c0589c,sideburns.technology,available,17.99,,high,low,9,name.com,,,
8c41247b-d1f3-408f-a731-07793529c469,prophecy.technology,available,3.98,37.98,high,low,8,namecheap,,,28/09/2026 10:47
394d6fad-ae77-40f6-9bc0-28e58a8fa3a8,fisheye.technology,available,3.98,37.98,high,low,7,namecheap,,,18/08/2026 05:28
3673688a-ba7b-422b-a19d-07de6285bdbb,adrenalin.technology,available,12.99,28.49,high,low,9,namesilo,,,17/09/2026 09:56
b16fb57a-df8c-48b9-82e8-61be96437872,astrodome.technology,available,12.99,28.49,medium,low,9,namesilo,,,20/09/2026 17:37
2e45da68-ecf2-4e32-8ec2-dc638e92ac85,reconciled.technology,available,3.98,37.98,high,low,10,namecheap,,,09/09/2026 11:49
6095cc39-ae56-4b28-9110-c3a4cde723e1,antitrade.technology,available,12.99,28.49,medium,low,9,namesilo,,,19/09/2026 15:13
16fa7f8d-55af-436e-95c0-8ec204bc33ab,bountiful.technology,available,3.98,37.98,high,low,9,namecheap,,,09/08/2026 20:52
5f86282c-e8ae-4e95-9a27-202cbd145e3a,horace.technology,available,3.98,37.98,high,low,6,namecheap,,,28/09/2026 02:07
f36d1b89-fc70-41bc-b7fd-e6360a7327ff,engraved.technology,available,3.98,37.98,high,low,8,namecheap,,,17/08/2026 07:40
3a343484-ef0a-4fae-aab6-afb3906f0084,supervised.technology,available,3.98,37.98,high,low,10,namecheap,,,11/09/2026 02:26
a5ed7c21-e59a-4a75-8691-17bcbcae63dd,decatur.technology,available,12.99,28.49,medium,low,7,namesilo,,,27/09/2026 03:44
f4a392b7-973e-4097-a4ae-176f601a8419,engrossing.technology,available,3.98,37.98,high,low,10,namecheap,,,
f071d618-5c90-4f7d-8969-332a86121ab7,ecologic.technology,available,3.98,37.98,high,low,8,namecheap,,,10/08/2026 02:32
31340316-54ac-457e-89a0-cc2f1230f504,situations.technology,available,22.2,22.2,medium,low,10,cloudflare,,,28/09/2026 04:50
398e2f91-76a8-4556-a19a-d7cf5b757421,tina.technology,available,17.99,41.99,high,low,4,name.com,,,25/09/2026 19:58
1aa4bc5a-aa13-4c40-9e15-e81f53d07c4a,overladen.technology,available,3.98,37.98,medium,low,9,namecheap,,,04/09/2026 20:51
39413df5-dea5-4da0-97b2-6d792ed73edd,chanukkah.technology,available,12.99,28.49,medium,low,9,namesilo,,,29/09/2026 08:11
1edfd062-60d9-48a5-91da-bf78ccfd3278,pharmacist.technology,available,12,,high,low,10,unstoppable,,,28/09/2026 21:46
cde49a7e-e309-485d-ab4f-1a5a25db535e,minimums.technology,available,12.99,28.49,low,low,8,namesilo,,,20/09/2026 08:36
54a2bf30-46c9-4422-aac0-cec458b6bbae,dandy.technology,available,,,high,low,5,,,,
97e1f84f-3ce5-4b8b-8a20-c86b0ed053bc,rimbaud.technology,available,12.99,28.49,high,low,7,namesilo,,,20/09/2026 11:03
132986b9-4c23-42a1-8ad9-08466265c19d,affair.technology,available,12.99,28.49,high,low,6,namesilo,,,17/09/2026 13:59
ce43a486-4922-4235-a8c7-d13e6286ec6b,sociedad.technology,available,9.85,23.76,medium,low,8,dynadot,,,29/09/2026 10:09
d69b2623-3a63-4e95-b6ed-725a17c05ac0,adlumia.technology,available,3.98,37.98,medium,low,7,namecheap,,,17/09/2026 08:37
4a1694a3-e26f-4d73-8b14-ad44e51ced6a,gyrate.technology,available,3.98,37.98,medium,low,6,namecheap,,,10/09/2026 15:51
1e664c46-6315-4d7f-a88e-cca4b308110b,buckshee.technology,available,3.98,37.98,medium,low,8,namecheap,,,11/08/2026 07:33
dc3c547d-e416-4502-8d57-dac0b2b1762b,protective.technology,resell,,,high,low,10,"NameSilo, LLC",07/03/2021 10:17,07/03/2027 10:17,27/09/2026 07:44
10d6c1d8-6c7a-4409-826c-f9127c396365,housewife.technology,available,12.99,28.49,high,low,9,namesilo,,,29/09/2026 01:18
8c1172f1-9755-41db-aeb1-810813757b92,vinous.technology,available,3.98,37.98,medium,low,6,namecheap,,,13/09/2026 05:47
e77e9281-1ff8-4148-b75b-b427f9a5df21,seasonal.technology,available,3.98,37.98,high,low,8,namecheap,,,10/09/2026 00:58
76b9815b-be0f-4ea6-bdbf-8572681599ee,brits.technology,available,3.98,37.98,medium,low,5,namecheap,,,11/08/2026 04:46
a8d21ba3-50d5-4223-b153-ec497be65bc2,transmitted.technology,available,3.98,37.98,high,low,11,namecheap,,,16/09/2026 07:54
ec7dc94e-0f74-4f7d-8139-d52b0e3ac050,luminous.technology,available,3.98,37.98,high,low,8,namecheap,,,
4b5023df-d356-478f-b6bc-4ba4c12ad7a0,valerie.technology,available,12.99,28.49,high,low,7,namesilo,,,26/09/2026 03:44
65aa968f-b31f-4284-b58d-aa1f8ce7e621,silences.technology,available,12.99,28.49,low,low,8,namesilo,,,21/09/2026 10:16
4bdbe175-5d79-4da5-a685-1c594f40f63d,apartment.technology,available,12.99,28.49,high,low,9,namesilo,,,19/09/2026 16:17
73124f8b-4190-4c4b-a753-e1a2b3663a23,crushing.technology,available,3.98,37.98,high,low,8,namecheap,,,13/08/2026 09:13
350d8ba0-b2d4-4c20-ad2d-206c95097a88,qatari.technology,available,3.98,37.98,high,low,6,namecheap,,,22/08/2026 15:09
8b70b013-cef1-4f96-acc9-2c5fa08de3cf,scrabble.technology,available,3.98,37.98,high,low,8,namecheap,,,24/09/2026 23:30
d673800b-d744-4ec6-9faf-c85b3f2f06a7,dazed.technology,available,17.99,41.99,medium,low,5,name.com,,,13/08/2026 18:53
222f8d5b-a6b1-4e64-81db-39724081957c,happiness.technology,resell,,,high,low,9,"Sav.com, LLC - 8",07/09/2025 15:15,07/09/2027 15:15,29/09/2026 22:08
f5424ff6-294a-47bd-a7d7-b0b8a78e9705,posse.technology,available,3.98,37.98,high,low,5,namecheap,,,30/09/2026 02:35
c6654a90-9704-453c-a22e-7fb6eed08df9,rituals.technology,available,12.99,28.49,medium,low,7,namesilo,,,29/09/2026 05:40
824a0bfb-9187-4cb4-8e74-41ff264fe113,readily.technology,available,3.98,37.98,medium,low,7,namecheap,,,15/09/2026 21:42
1ba29a7f-ba51-40c4-ae9f-b21a1625ceac,drinkable.technology,available,3.98,37.98,high,low,9,namecheap,,,14/08/2026 19:23
53d8e3f2-fb3e-4dc9-a375-3570c383a2d9,telecom.technology,resell,,,high,low,7,"Spaceship, Inc.",23/02/2026 08:58,23/02/2027 08:58,26/09/2026 09:33
67f24243-986f-4b35-b1d9-865ea3e22503,bata.technology,available,12.99,28.49,medium,low,4,namesilo,,,22/09/2026 13:09
4dcb5b6b-4295-43ca-90d4-33a5d25138c2,metcalfe.technology,available,3.31,22.97,high,low,8,spaceship,,,29/09/2026 17:48
1ad7bbb6-baef-4bf3-902f-a0dfe7e616ad,yesteryear.technology,available,3.98,37.98,high,low,10,namecheap,,,08/09/2026 10:02
aaad3ce6-498c-495d-984f-be3f6daac7cf,hydropower.technology,available,12,,high,low,10,unstoppable,,,29/09/2026 10:23
05129174-1599-4b17-9d4d-efec7284993a,alopecia.technology,available,12.99,28.49,medium,low,8,namesilo,,,18/09/2026 13:18
aa446273-74f1-40c3-b460-5d831c801fda,belongs.technology,available,3.98,37.98,medium,low,7,namecheap,,,25/09/2026 20:38
249620c7-a41a-46a0-8cf4-156b92b1cd6d,commissioner.technology,available,22.2,22.2,high,low,12,cloudflare,,,27/09/2026 17:50
21b87173-9ecc-4548-a88a-9617200083de,guthrie.technology,available,12.99,28.49,high,low,7,namesilo,,,25/09/2026 06:47
fad21771-ec2a-4c30-b7e3-54db01b4d234,firewood.technology,available,12.99,28.49,high,low,8,namesilo,,,30/09/2026 01:38
63590cda-aeee-4702-b859-7b66be6b2fac,patriots.technology,available,9.78,23.17,high,low,8,porkbun,,,29/09/2026 17:47
31013548-e081-4706-a87d-c68536374f2c,maginot.technology,available,12.99,28.49,high,low,7,namesilo,,,19/09/2026 04:15
8916d9ca-2980-48e4-b370-654769317ba2,often.technology,available,3.31,22.97,high,low,5,spaceship,,,28/09/2026 14:58
4c48dc86-84e3-414c-8924-e776def2583a,fears.technology,available,12.99,28.49,medium,low,5,namesilo,,,27/09/2026 08:58
cc77ddda-1a96-49b3-8069-61a4d8c3aaaa,marching.technology,available,9.85,23.76,high,low,8,dynadot,,,28/09/2026 02:19
d8763e52-a9d3-4d2f-afdf-91019eeff3ab,mainstay.technology,available,12.99,28.49,high,low,8,namesilo,,,21/09/2026 15:13
c9fc7a61-ab55-457d-a68d-f560be3a29f1,pray.technology,available,17.99,,high,low,4,name.com,,,
eb6ee49c-755f-4bfb-93c5-cd0d379e81cf,cherubic.technology,available,3.98,37.98,high,low,8,namecheap,,,12/08/2026 04:25
92e6d7c9-3e45-4ed7-88d2-5e5986e70c36,tangle.technology,available,12.99,28.49,high,low,6,namesilo,,,25/09/2026 17:42
edf7c13e-f4cf-41e0-a97a-772cf1ac000d,abdias.technology,available,12.99,28.49,medium,low,6,namesilo,,,16/09/2026 14:41
eebc012d-8451-4374-98e0-3d8bba643c08,bicolor.technology,available,3.98,37.98,high,low,7,namecheap,,,09/08/2026 19:11
664a0a45-137f-4e4a-9850-80918d00f675,lutheran.technology,available,3.98,37.98,high,low,8,namecheap,,,24/08/2026 12:23
cd12da5f-0eb0-4629-9e63-faef4190e9da,blear.technology,available,3.98,37.98,medium,low,5,namecheap,,,10/08/2026 14:01
55cea949-38bd-4a89-aa5a-98dca604e93a,postural.technology,available,3.98,37.98,medium,low,8,namecheap,,,09/09/2026 00:40
22abb2ea-ed55-41ae-ad29-f46640db202a,discovering.technology,available,3.31,22.97,high,low,11,spaceship,,,29/09/2026 10:28
80d1e758-072f-4a77-8bfe-4847f6314df2,turbulence.technology,available,12,,high,low,10,unstoppable,,,29/09/2026 08:09
55326dd8-5ea9-448f-959f-37f1e8e12a62,vivace.technology,available,3.98,37.98,high,low,6,namecheap,,,13/09/2026 06:22
4a473d55-19c2-414d-b524-97a333eec6d8,satire.technology,available,12.99,28.49,high,low,6,namesilo,,,24/09/2026 13:17
52eaea84-6e3c-4044-8ad4-21dd9b5314d6,glad.technology,available,3.98,37.98,high,low,4,namecheap,,,22/09/2026 18:28
187143ad-8103-414b-a731-897a786321f3,skirt.technology,available,22.2,22.2,high,low,5,cloudflare,,,29/09/2026 03:43
ce1179e1-21dc-472f-bcfe-45aa92249d36,reformed.technology,available,3.98,37.98,high,low,9,namecheap,,,09/09/2026 10:53
59bb6491-020c-4ee4-8d0c-d67959b5731c,bombed.technology,available,22.2,22.2,medium,low,6,cloudflare,,,28/09/2026 16:00
02d83bae-8c10-4db9-840b-746c78a4d220,acres.technology,available,12.99,28.49,high,low,5,namesilo,,,17/09/2026 02:56
3ba872ae-cd5f-45f1-b45e-6b8171945676,confucian.technology,available,3.98,37.98,high,low,9,namecheap,,,12/08/2026 21:15
8fb3134a-eb20-44b0-a563-149d1511f79f,hourly.technology,available,12.99,28.49,high,low,6,namesilo,,,25/09/2026 00:10
11ebb626-1317-47b0-a24a-72f1e7eb02fa,nicolas.technology,available,3.98,37.98,high,low,7,namecheap,,,25/09/2026 13:18
2db7c560-48cd-4222-9920-e57cf8492659,pugin.technology,available,12.99,28.49,high,low,5,namesilo,,,21/09/2026 04:06
5eb63259-b8b0-4f7b-91db-feb39da64a74,churlish.technology,available,3.98,37.98,medium,low,8,namecheap,,,12/08/2026 07:49
6aa5a821-aee5-4ffe-a722-998f026e884e,ashtoreth.technology,available,12.99,28.49,medium,low,9,namesilo,,,20/09/2026 14:02
20e6712b-9a22-4760-b259-1f86523fc778,mild.technology,available,3.98,37.98,high,low,4,namecheap,,,25/09/2026 18:55
a0ae9009-3ee9-46ac-bcfe-a3b0aa4f6a2d,calender.technology,available,12.99,28.49,high,low,8,namesilo,,,29/09/2026 05:50
560c3575-20e1-445c-98a4-98b0b3efc1e7,moorish.technology,available,3.98,37.98,high,low,7,namecheap,,,25/08/2026 05:59
52e72fb2-b019-4a77-87de-6b178180f906,bernie.technology,available,12.99,28.49,medium,low,6,namesilo,,,27/09/2026 10:13
9720396e-a2aa-4919-af5c-08aac971703d,instance.technology,available,12.99,28.49,high,low,8,namesilo,,,25/09/2026 22:06
f8380335-538d-4cf5-bc2b-194a740c163b,nanjing.technology,available,3.31,22.97,medium,low,7,spaceship,,,28/09/2026 10:29
5a06d605-8959-471e-a8dd-48914ff143d7,valorous.technology,available,3.98,37.98,medium,low,8,namecheap,,,13/09/2026 00:57
00aea655-c457-4053-9d42-3aca12af2c0d,affirmation.technology,available,3.98,37.98,high,low,11,namecheap,,,16/09/2026 08:52
98957b74-2258-4eb7-9b38-73b289898743,conditions.technology,available,9.85,23.76,high,low,10,dynadot,,,28/09/2026 10:19
059dbe75-dd10-4b2a-97e2-7df45e9c5d33,gilding.technology,available,3.98,37.98,high,low,7,namecheap,,,18/08/2026 23:37
0459f05d-a640-45a4-83f1-f85992bf15f5,birthright.technology,available,3.98,37.98,high,low,10,namecheap,,,23/09/2026 21:20
870c875e-8244-4f1e-af53-fd0acf579c8c,fargo.technology,available,12.99,28.49,high,low,5,namesilo,,,25/09/2026 22:42
8de2f074-38da-40d3-8ae9-7652ccfeba18,melodic.technology,available,3.98,37.98,high,low,7,namecheap,,,24/08/2026 19:41
bd0c29a6-c359-4e7a-8587-a837f6f02c13,blenny.technology,available,3.98,37.98,medium,low,6,namecheap,,,24/09/2026 06:00
4704f704-d692-43a7-8040-0040005e4a20,sabbatic.technology,available,3.98,37.98,high,low,8,namecheap,,,09/09/2026 20:32
c0477a30-b389-4eb6-bd34-7a37f6e1f841,albizia.technology,available,12.99,28.49,high,low,7,namesilo,,,18/09/2026 03:01
c4a469cf-ffd6-4509-a001-eb29416996f3,betrayer.technology,available,12.99,28.49,medium,low,8,namesilo,,,23/09/2026 11:31
5f8b1f54-c018-4c9b-bebd-1d0aa5f14b3d,unthankful.technology,available,3.98,37.98,low,low,10,namecheap,,,11/09/2026 12:29
3c671305-86b4-4c80-b6c8-f17ede537318,assault.technology,available,12.99,28.49,high,low,7,namesilo,,,20/09/2026 15:48
dcc3b661-95c0-4f3b-8b95-3b2e5f829eb4,hairbrush.technology,available,17.99,,high,low,10,name.com,,,
3732e97d-20a0-490f-8b4b-2873ec25f814,recusant.technology,available,3.98,37.98,medium,low,8,namecheap,,,14/08/2026 12:28
3bec0d82-2524-45c1-bf22-27679fa4e73b,belts.technology,available,3.31,22.97,medium,low,5,spaceship,,,28/09/2026 09:04
10421135-2c04-4b36-98a5-08fa040ed726,novels.technology,available,12,,medium,low,6,unstoppable,,,28/09/2026 23:11
0f24c446-1195-4c61-b7d8-b1b953bcd652,contemplating.technology,available,12.99,28.49,low,low,13,namesilo,,,18/09/2026 04:50
3d104e7e-0ff7-484e-86aa-69f8fbd9113a,jokes.technology,available,12.99,28.49,high,low,5,namesilo,,,25/09/2026 11:35
99b0a560-8f60-41ab-9ecf-b0f03829c2d0,albuca.technology,available,12.99,28.49,medium,low,6,namesilo,,,18/09/2026 03:19
13399591-e445-49fd-b69b-2010dfb36e2c,majestic.technology,resell,,,high,low,8,"Spaceship, Inc.",05/04/2026 21:10,05/04/2027 21:10,26/09/2026 07:23
1951ca34-1375-4ff4-bca1-ce34291b0bc2,boxed.technology,available,3.98,37.98,high,low,5,namecheap,,,11/08/2026 00:02
5d33bd28-3f99-4491-beec-677977686d8a,debate.technology,available,12.99,28.49,high,low,6,namesilo,,,24/09/2026 05:29
fb120604-b6bc-4cd6-a3ab-29cf5b5b61f4,classmate.technology,available,3.31,22.97,high,low,9,spaceship,,,29/09/2026 11:55
6b257155-0939-4d3d-bdfb-f03cc1b12e10,cashed.technology,available,3.98,37.98,high,low,6,namecheap,,,11/08/2026 20:15
423f6736-c649-4b53-a5a5-f9f0396c724a,kicking.technology,available,3.98,37.98,high,low,7,namecheap,,,30/09/2026 01:20
18560ba0-9d4d-4898-bb15-589ca2249752,concealed.technology,available,3.98,37.98,high,low,9,namecheap,,,23/09/2026 18:33
5b7f0bf6-7345-4bce-ac84-74a6eaba95d5,laughter.technology,available,9.85,23.76,high,low,8,dynadot,,,30/09/2026 02:09
f86b5931-d6b3-4a07-a926-a4ab3ee29a13,jot.technology,premium,68.51,68.51,high,low,3,spaceship,,,30/09/2026 00:55
90140e32-5976-461e-8c0a-0688ceea96aa,gareth.technology,available,3.31,22.97,high,low,6,spaceship,,,29/09/2026 21:28
cf2ed2e0-292a-44b5-8ff4-f008f11ee5c6,dishonored.technology,available,3.98,37.98,medium,low,10,namecheap,,,14/08/2026 10:23
a56e8ee4-7e7e-4bb7-aaae-c92794cbfd1e,expedience.technology,available,3.98,37.98,medium,low,10,namecheap,,,10/09/2026 02:11
82818be8-1404-43e2-8c1f-2a4e887c1259,cuthbert.technology,available,12.99,28.49,medium,low,8,namesilo,,,29/09/2026 03:58
6e591072-1f46-4ae5-9dd7-633fd1ce251d,stepaside.technology,available,12.99,28.49,medium,low,10,namesilo,,,16/09/2026 15:09
73db4986-3f90-407f-8d7b-16b467215fc1,musky.technology,available,3.98,37.98,high,low,5,namecheap,,,03/09/2026 11:33
1259288e-e995-47eb-ad3e-c049e82808f9,frederick.technology,available,12.99,28.49,high,low,9,namesilo,,,28/09/2026 01:56
52c476ff-d65b-4613-8f9f-c376a61ef9a5,superstitious.technology,available,3.31,22.97,medium,low,13,spaceship,,,29/09/2026 14:38
63cf103f-5baf-460e-8ce2-1cc974aae197,ampere.technology,available,12.99,28.49,high,low,6,namesilo,,,18/09/2026 23:06
f1257cdb-9a7d-45c8-b2b8-108a236717f7,apoidea.technology,available,3.98,37.98,medium,low,7,namecheap,,,19/09/2026 18:38
42bcb581-804c-408f-9b0f-770849aad665,matrix.technology,resell,,,high,medium,6,Dynadot Inc,10/05/2018 15:20,10/05/2027 15:20,29/09/2026 21:35
1ff8f55a-4c03-40ea-a7fa-98450512cc1f,cupid.technology,available,12.99,28.49,high,low,5,namesilo,,,18/09/2026 22:35
89122359-79c5-4f29-b6f2-1de8f7138535,fitter.technology,available,3.98,37.98,high,low,6,namecheap,,,18/08/2026 05:48
f378ebbe-00cd-4de8-b977-f405507160d0,yams.technology,available,3.98,37.98,medium,low,4,namecheap,,,19/09/2026 22:19
89a47da2-b56a-41bb-8ab9-fecf2ecf5e69,undimmed.technology,available,3.98,37.98,medium,low,8,namecheap,,,12/09/2026 08:06
e14d7a97-d932-4475-b812-d4dccdfe29c2,achira.technology,available,12.99,28.49,medium,low,6,namesilo,,,17/09/2026 00:42
380da851-856e-4a27-92f6-fe20d4014087,downer.technology,available,3.98,37.98,medium,low,6,namecheap,,,14/08/2026 02:41
40aa644e-d2d8-4875-8146-242efc8f60cc,walks.technology,available,12.99,28.49,medium,low,5,namesilo,,,25/09/2026 16:37
d106ce6e-fd30-4965-aa66-47c82d2def82,resect.technology,available,3.98,37.98,medium,low,6,namecheap,,,17/08/2026 15:12
ab3ea68d-b678-4b90-9828-41d85d11b470,heaven.technology,available,12.99,28.49,high,low,6,namesilo,,,29/09/2026 17:41
40d50af7-ca6c-46fd-8cec-03d182e4cd53,coyol.technology,available,12.99,28.49,medium,low,5,namesilo,,,17/09/2026 03:38
4c53d74c-8a3d-446f-ad4f-a0f1ca626050,sweetly.technology,available,3.98,37.98,high,low,7,namecheap,,,11/09/2026 05:33
04ec071b-a1db-4707-affc-5538aef22ee5,advertizer.technology,available,3.98,37.98,medium,low,10,namecheap,,,17/09/2026 08:39
5c934c06-449b-40d8-99a3-f4c9eacd072e,bandicoot.technology,available,12.99,28.49,medium,low,9,namesilo,,,22/09/2026 01:13
ac0750e4-495a-4308-915a-a1cd97badfbd,holloway.technology,available,12.99,28.49,high,low,8,namesilo,,,26/09/2026 03:22
8611c33d-1491-4dcf-87e0-3f86bbb38c01,babylonia.technology,available,3.98,37.98,high,low,9,namecheap,,,21/09/2026 13:51
f26081b6-effe-432c-b5d7-77d3cbbb0782,enlisted.technology,available,12.99,28.49,medium,low,8,namesilo,,,28/09/2026 22:48
494cc634-a6ca-42e0-a537-8e81d1fd5dba,donnelly.technology,available,3.31,22.97,high,low,8,spaceship,,,27/09/2026 20:53
2e087596-f703-48af-ae88-b56e6e7e236c,malawian.technology,available,3.98,37.98,high,low,8,namecheap,,,24/08/2026 13:40
ba141e47-2c8c-44dc-a095-0c2eb1708570,humdrum.technology,available,3.98,37.98,medium,low,7,namecheap,,,21/08/2026 15:05
09a50e6b-9cdf-4e71-b579-150f468c1fa0,stormbound.technology,available,3.98,37.98,low,low,10,namecheap,,,10/09/2026 21:22
f24a6f33-662c-4ee5-8ebb-a7e07adf6638,ira.technology,premium,,,high,low,3,,,,28/09/2026 14:31
5590f123-0f94-4489-9c45-b6de04a0fecd,affinal.technology,available,3.98,37.98,medium,low,7,namecheap,,,
d82c1a35-1b56-4415-b6ab-9080329ce668,brainwaves.technology,available,12.99,28.49,medium,low,10,namesilo,,,20/09/2026 12:58
40429d34-a71d-4e9d-b631-d3840caeae4f,inlaid.technology,available,3.98,37.98,medium,low,6,namecheap,,,22/08/2026 05:47
e743f806-1497-4364-a5e4-cf78160d3bcf,corpulence.technology,available,3.98,37.98,medium,low,10,namecheap,,,04/09/2026 22:00
270c9715-eeb9-4598-bb64-b9f946d18edc,hardback.technology,available,3.98,37.98,medium,low,8,namecheap,,,21/08/2026 00:40
9410f380-8c8f-44bf-b8d6-8802c8e48c16,cebu.technology,available,3.31,22.97,medium,low,4,spaceship,,,28/09/2026 18:38
f0d28ead-f903-483d-914b-2c9398f06ec7,cistercian.technology,available,9.85,23.76,medium,low,10,dynadot,,,29/09/2026 18:21
3195798a-52ae-46d5-8a6e-dc66de1c7725,rochdale.technology,available,3.31,22.97,medium,low,8,spaceship,,,29/09/2026 09:50
f0a08cdb-36bd-46cc-8454-81b3b1ae81c5,locke.technology,available,3.98,37.98,high,low,5,namecheap,,,25/09/2026 08:02
c4af64e2-25f0-4f67-9d46-0070afb26e89,ludlow.technology,available,3.31,22.97,medium,low,6,spaceship,,,27/09/2026 23:11
b73dac07-c307-41ce-9ab2-35d4534a4da3,costate.technology,available,3.98,37.98,medium,low,7,namecheap,,,13/08/2026 03:06
434d8383-c36f-4497-8b14-f10a77c56a4f,enliven.technology,available,12.99,28.49,high,low,7,namesilo,,,22/09/2026 04:56
5ea61125-15b1-4cf1-9d98-697491ced38f,ellington.technology,available,3.98,37.98,medium,low,9,namecheap,,,28/09/2026 09:32
63689378-07fe-4a1f-991c-9ef6100dadf4,entrant.technology,available,3.98,37.98,high,low,7,namecheap,,,18/08/2026 07:36
1cf82c0f-ba73-44a0-baae-f6d869dc9496,buchanan.technology,available,3.31,22.97,high,low,8,spaceship,,,28/09/2026 01:11
07ba628e-aae6-45e4-abe9-1b970b718400,daft.technology,available,3.98,37.98,high,low,4,namecheap,,,06/08/2026 20:50
cc00383b-5f79-47cd-9f0b-fedd252f3791,roiling.technology,available,3.98,37.98,medium,low,7,namecheap,,,09/09/2026 18:16
24dca59d-f647-450b-9405-26467340fc53,editors.technology,available,3.31,22.97,medium,low,7,spaceship,,,29/09/2026 17:03
7661c85d-0298-4d30-824d-e48ab77b70a3,goonie.technology,available,12.99,28.49,medium,low,6,namesilo,,,23/09/2026 23:45
e24d8922-2d40-4324-8c04-0e68634e5ed2,merits.technology,available,12.99,28.49,medium,low,6,namesilo,,,29/09/2026 16:29
2f266455-ff09-4ad1-b52f-ff35a29c9f7b,asanga.technology,available,12.99,28.49,medium,low,6,namesilo,,,20/09/2026 12:49
63be4c6a-1e78-431b-9c6d-bd5ae776f285,buff.technology,available,3.98,37.98,high,low,4,namecheap,,,11/08/2026 07:48
ad17bcb6-b1cc-4e14-b222-41b2b6a7251c,lxxxvi.technology,available,3.98,37.98,medium,low,6,namecheap,,,
7e1b3664-6d6b-4673-a21f-9565210619fe,aron.technology,available,12,,high,low,4,unstoppable,,,29/09/2026 15:32
ab7e04f5-b81e-49e3-bd2b-0e3c2df8eac2,husband.technology,available,12.99,28.49,high,low,7,namesilo,,,29/09/2026 23:14
7d612c04-1c16-4fe5-bf82-b56417820099,stir.technology,available,12.99,28.49,high,low,4,namesilo,,,17/09/2026 09:23
7141f563-3c75-4245-a549-88d22c51aea1,agitation.technology,available,3.98,37.98,medium,low,9,namecheap,,,17/09/2026 18:06
ff0393cb-07b9-4028-903e-81e1c5fe2c7a,airmailer.technology,available,12.99,28.49,medium,low,9,namesilo,,,17/09/2026 23:15
0d803936-375d-4bd7-abf4-8bc21b70623c,language.technology,resell,,,high,low,8,Dynadot Inc,08/05/2022 13:15,08/05/2027 13:15,26/09/2026 07:08
de2e8f61-3726-440b-8377-a057121f112b,lindsey.technology,available,3.98,37.98,high,low,7,namecheap,,,25/09/2026 19:35
c1d9c74d-c849-4bd8-b4ac-bbf09a6b6c52,throbbing.technology,available,3.98,37.98,high,low,9,namecheap,,,11/09/2026 14:47
99fb2728-72a5-48b1-9a2b-56c451356543,toward.technology,available,,,high,low,6,,,,
0e31c89a-9351-4fb7-abb6-4f492517391c,deception.technology,available,12.99,28.49,high,low,9,namesilo,,,24/09/2026 17:22
38115bf5-d5cc-42d3-b5f4-4f5bc2ec8a32,moderator.technology,available,17.99,,high,low,9,name.com,,,
be065199-c624-414d-8e64-14de38960922,behring.technology,available,12.99,28.49,high,low,7,namesilo,,,23/09/2026 04:03
81348e8f-fde4-4551-883c-9732f840f482,baseboard.technology,available,3.98,37.98,medium,low,9,namecheap,,,22/09/2026 10:08
07541119-cff6-4ba0-902c-3b3c432871d5,roundly.technology,available,3.98,37.98,medium,low,7,namecheap,,,14/09/2026 00:45
97c0596e-3e69-412c-8b57-520ab97e4630,harassment.technology,available,12.99,28.49,high,low,10,namesilo,,,27/09/2026 13:56
10324795-7479-4bce-b60d-54260a5ceef1,beg.technology,premium,78.54,78.54,high,low,3,namesilo,,,
51848def-2dda-4519-88fe-408546208954,paperlike.technology,available,3.98,37.98,low,low,9,namecheap,,,12/08/2026 02:45
322abeda-372e-4693-b759-ab9fbef65257,doomed.technology,available,3.98,37.98,medium,low,6,namecheap,,,14/08/2026 15:57
50eb4b55-321d-4af4-a64b-8b22e89b5ebb,kamal.technology,available,12.99,28.49,high,low,5,namesilo,,,29/09/2026 03:26
f2c33547-386d-47ac-921b-28ed57f369c1,venturer.technology,available,22.2,22.2,high,low,8,cloudflare,,,28/09/2026 07:03
548b1230-22aa-4138-9e45-b2922f24d904,bacterium.technology,available,12.99,28.49,medium,low,9,namesilo,,,21/09/2026 16:30
486156f8-9e2b-46dc-b968-0baad828eb91,jogging.technology,available,12,,high,low,7,unstoppable,,,30/09/2026 02:05
dc6f4b29-baf8-449a-b3b4-5d51358d0577,perky.technology,available,3.98,37.98,high,low,5,namecheap,,,08/09/2026 17:33
b0e35258-a26a-4a8d-8dc8-303bbb3475cf,suburbs.technology,available,9.78,23.17,medium,low,7,porkbun,,,29/09/2026 05:04
49531c78-6be2-44af-9626-5b33ae2ac3d6,aeonian.technology,available,3.98,37.98,medium,low,7,namecheap,,,
f0f987fa-c7c0-4173-b5f7-2e36c3c560e9,eyeless.technology,available,3.98,37.98,medium,low,7,namecheap,,,17/08/2026 20:02
d2abfc35-12b3-45db-9367-f3d191b0ab9b,lieutenant.technology,available,3.31,22.97,high,low,10,spaceship,,,28/09/2026 02:16
3f829304-2515-4fff-84af-eab802768b8a,stirred.technology,available,3.98,37.98,high,low,7,namecheap,,,25/08/2026 09:07
1558416a-9c03-43c1-a324-336e867ad28a,auklet.technology,available,12.99,28.49,medium,low,6,namesilo,,,21/09/2026 04:08
48d12cd2-75dc-4077-8935-30a13a51c90f,dragons.technology,available,3.31,22.97,medium,low,7,spaceship,,,28/09/2026 12:57
8be096fc-ce9e-4654-ab83-14cf1f192357,showering.technology,available,17.99,,high,low,9,name.com,,,
4847c3fc-f23d-4b6b-ba49-798db4344d66,incubation.technology,available,3.98,37.98,high,low,10,namecheap,,,11/08/2026 06:10
403ecf6b-28f2-4979-8262-2cc423835da3,lamentably.technology,available,3.98,37.98,low,low,10,namecheap,,,14/09/2026 11:50
9094c903-0fe2-46f6-bbaf-8cf9674c852b,natality.technology,available,3.98,37.98,medium,low,8,namecheap,,,23/09/2026 21:04
b28ec57e-1477-4c0c-9a65-dc4b01e7d2a9,sadness.technology,available,12.99,28.49,high,low,7,namesilo,,,30/09/2026 03:34
abd527e4-11fa-4d74-bf34-a5a75df1fc20,reinforced.technology,available,12.99,28.49,high,low,10,namesilo,,,23/09/2026 10:25
b3beb7d4-19d2-4df4-bce2-e25f75a5ad51,reversal.technology,available,22.2,22.2,high,low,8,cloudflare,,,29/09/2026 18:17
59585f45-a7ae-4e2f-884b-abab93391fcf,obstacles.technology,available,3.31,22.97,low,low,9,spaceship,,,29/09/2026 05:04
403592ba-2730-4196-a86b-a9d2d73bc6c1,apologetic.technology,available,3.98,37.98,high,low,10,namecheap,,,06/08/2026 02:07
6d814114-edc6-411a-97d9-7372fe371d75,papal.technology,available,3.98,37.98,medium,low,5,namecheap,,,06/08/2026 04:09
45b4f5b5-3848-4e6c-a088-9ee992311bcb,declaration.technology,available,3.98,37.98,high,low,11,namecheap,,,28/09/2026 12:33
957eff01-e37d-4a4a-9894-280aa9ad74fc,graphite.technology,available,12.99,28.49,high,low,8,namesilo,,,24/09/2026 01:02
3384f07b-c092-45fb-980a-8105cda48d06,tractive.technology,available,3.98,37.98,high,low,8,namecheap,,,11/09/2026 18:40
cd8739de-2b36-4953-9da1-d5b52ef8dfb1,sakharov.technology,available,12.99,28.49,medium,low,8,namesilo,,,19/09/2026 04:30
0e6d2004-d278-49b0-8e48-e3dee2913325,teaser.technology,available,12.99,28.49,high,low,6,namesilo,,,19/09/2026 10:50
d8abaa40-218f-41e1-8636-24542c6084a4,wahoo.technology,available,3.98,37.98,medium,low,5,namecheap,,,16/09/2026 20:48
09ba818c-ad4e-4549-b586-9c5794df9347,sevilla.technology,available,3.31,22.97,high,low,7,spaceship,,,29/09/2026 13:56
eaac9c21-a7db-423e-bb23-5d588fb3ffb6,gaa.technology,available,12.99,28.49,high,low,3,namesilo,,,29/09/2026 08:40
03c058f7-96d6-47f8-8bc1-abaf383591b3,graduated.technology,available,3.98,37.98,high,low,9,namecheap,,,11/08/2026 14:18
c0e2545d-e121-4c36-b1d0-1937a3b92db7,syrup.technology,available,12.99,28.49,high,low,5,namesilo,,,28/09/2026 06:44
b9a98ae2-c9ea-4ae9-9764-5811da6d0f7f,altogether.technology,available,3.98,37.98,high,low,10,namecheap,,,
8aa3eb64-5aff-47fe-80e0-95464b92990b,which.technology,available,,,high,medium,5,,,,
33824633-2594-4102-9e38-8c15cdd7caf4,xcvi.technology,available,3.98,37.98,medium,low,4,namecheap,,,
3cceb7b4-6371-4a18-bd5f-fdf563ef4de0,motto.technology,available,12.99,28.49,high,low,5,namesilo,,,28/09/2026 13:39
27af88d0-bac2-4f7e-80d5-f321ed651a83,blackamoor.technology,available,3.98,37.98,medium,low,10,namecheap,,,03/09/2026 15:12
6b50bc8e-565f-497d-92a3-6db43ee5ccec,bize.technology,available,12.99,28.49,medium,low,4,namesilo,,,23/09/2026 21:41
9f616bc5-31a8-468b-b79b-5c66a26ae3b9,thebes.technology,available,3.31,22.97,medium,low,6,spaceship,,,28/09/2026 11:00
c54716f3-1611-477d-a0a2-b4d1b90276ac,granicus.technology,available,12.99,28.49,medium,low,8,namesilo,,,22/09/2026 15:08
5a281811-9499-413a-9ff3-9e4004dd72a6,albinism.technology,available,12.99,28.49,medium,low,8,namesilo,,,18/09/2026 02:54
f68a4a11-a72e-4c72-a64e-6886c1c65f7c,mosley.technology,available,12.99,28.49,medium,low,6,namesilo,,,29/09/2026 09:56
4a8905e3-1676-40aa-b536-2dc717da6584,huntsville.technology,available,3.98,37.98,high,low,10,namecheap,,,27/09/2026 04:30
6de5f4e4-70ea-437a-ab7f-d264381bbd97,surfing.technology,premium,102.67,102.67,high,low,7,spaceship,,,29/09/2026 02:15
0184402f-689c-41cd-afcf-736ac36a7efe,bigarade.technology,available,12.99,28.49,medium,low,8,namesilo,,,23/09/2026 15:03
b84eaaa2-458a-4079-b224-063cb2348d68,fresher.technology,available,3.98,37.98,high,low,7,namecheap,,,18/08/2026 15:22
37ebfcfd-e086-4c2f-b7f9-ab5fffbfa817,solidly.technology,available,3.98,37.98,medium,low,7,namecheap,,,16/09/2026 04:03
a96f9f45-e274-4ecb-b1c5-5850781a1e8d,karel.technology,available,3.98,37.98,high,low,5,namecheap,,,29/09/2026 09:01
54a9e126-d244-4fcc-9a73-a971611da88a,capacious.technology,available,3.98,37.98,medium,low,9,namecheap,,,11/08/2026 17:47
339dcd26-d947-4261-9a1d-f7cec67e90b9,blancmange.technology,available,12.99,28.49,medium,low,10,namesilo,,,24/09/2026 03:51
ca79004c-2b4c-476a-b213-a993e2c3b5e9,palmate.technology,available,3.98,37.98,medium,low,7,namecheap,,,04/09/2026 23:55
f785187e-1975-416c-a593-29ec6d3d8227,inchoate.technology,available,3.98,37.98,medium,low,8,namecheap,,,22/08/2026 01:16
17cf1af3-d366-424b-9bb0-2c74aec43e23,prettier.technology,available,3.98,37.98,medium,low,8,namecheap,,,18/09/2026 11:09
02c13e7c-1d10-4e5e-83f5-7d13815567fa,campaigner.technology,available,12,,high,low,10,unstoppable,,,29/09/2026 06:13
95b99fbd-66b0-4c54-9075-997ac7fd85b6,videotape.technology,available,12.99,28.49,high,low,9,namesilo,,,29/09/2026 08:17
58fbf729-f5a8-4ae7-abb5-de071e67a8ad,basic.technology,available,3.98,37.98,high,low,5,namecheap,,,22/09/2026 17:57
42f4cd05-ab61-431b-9ccd-79c8cf3ad026,she.technology,premium,118.8,118.8,high,low,3,namesilo,,,
558cb81c-f1c5-4b04-8d25-0298f11ce9fc,schenectady.technology,available,22.2,22.2,medium,low,11,cloudflare,,,28/09/2026 12:25
983843ea-137f-4c72-861f-1db3926b3f95,bearwood.technology,available,3.98,37.98,medium,low,8,namecheap,,,22/09/2026 20:58
2b1687cd-5c77-426c-aed4-fa2d080b8bb4,bedford.technology,available,12.99,28.49,high,low,7,namesilo,,,25/09/2026 14:52
daf55456-92b1-4720-bed3-73a446a4ae4a,botched.technology,available,3.98,37.98,medium,low,7,namecheap,,,10/08/2026 20:51
9b818b65-116b-44c8-a071-69665ee39ee8,rained.technology,available,12.99,28.49,medium,low,6,namesilo,,,20/09/2026 05:42
7b15ea31-bb51-43a5-9bc8-097e3852592c,alienated.technology,available,3.98,37.98,medium,low,9,namecheap,,,
ad3b66dd-f8d5-4ef0-a1ab-926b2d8daf9f,pickaback.technology,available,3.98,37.98,medium,low,9,namecheap,,,15/09/2026 19:48
bae69b69-dd03-4fa1-b45b-c5e4205a318f,eventually.technology,available,3.98,37.98,high,low,10,namecheap,,,14/09/2026 16:32
c853e5b3-dd14-4752-9cf4-7e2686d93526,peppery.technology,available,3.98,37.98,medium,low,7,namecheap,,,08/09/2026 15:37
2ed3e9c6-f6cd-445e-a652-1435ec1c5718,westerly.technology,available,3.98,37.98,medium,low,8,namecheap,,,13/09/2026 10:53
d3daa86f-0293-4d65-b67c-291809d476df,extent.technology,available,3.31,22.97,high,low,6,spaceship,,,28/09/2026 05:39
3ddcb91c-e350-4fb9-bb33-9820d20efd14,seeks.technology,available,12.99,28.49,medium,low,5,namesilo,,,28/09/2026 23:37
e346287b-b903-4e6f-99b6-f9ebb7b84c37,gave.technology,available,17.99,,medium,low,4,name.com,,,
ddeea34e-9827-4865-93eb-b6f297076c93,ronald.technology,available,22.2,22.2,high,low,6,cloudflare,,,28/09/2026 11:51
7abf68d2-fdb9-493c-b509-db9ab9c6cf35,brahmins.technology,available,22.2,22.2,medium,low,8,cloudflare,,,30/09/2026 00:48
2d01b955-94fd-4795-94d7-09b0642146f3,germs.technology,available,3.98,37.98,low,low,5,namecheap,,,20/09/2026 10:09
e3ba2422-b770-4861-beb1-0942bbc7a663,departed.technology,available,3.98,37.98,medium,low,8,namecheap,,,07/08/2026 11:31
324654d2-d937-47ec-b92b-2bc46158dcf7,enrico.technology,available,12.99,28.49,medium,low,6,namesilo,,,28/09/2026 13:31
517eddd2-1d49-4f28-84c4-1e13f9829ace,ungraded.technology,available,3.98,37.98,medium,low,8,namecheap,,,14/08/2026 09:06
832a950e-bf88-454c-984d-dc22b4576125,arequipa.technology,available,12.99,28.49,medium,low,8,namesilo,,,20/09/2026 03:53
61beaf28-5ded-4eda-9be2-f29367363713,archly.technology,available,3.98,37.98,medium,low,6,namecheap,,,13/09/2026 20:39
d106c3da-edb7-4ac5-86c1-f27564fb4296,agene.technology,available,12.99,28.49,medium,low,5,namesilo,,,17/09/2026 17:07
a6771ea5-3eab-46eb-b4df-9cca6d0962c2,verona.technology,available,3.98,37.98,high,low,6,namecheap,,,27/09/2026 05:51
9d68693a-d813-41b7-9d82-80223d89b823,waited.technology,available,12.99,28.49,medium,low,6,namesilo,,,18/09/2026 01:45
b05a55eb-0306-423b-a75d-6662edff058b,whiskered.technology,available,3.98,37.98,medium,low,9,namecheap,,,08/08/2026 16:15
dda6f7db-8514-41b7-a4f3-a78c9fbb8500,attentive.technology,available,17.99,41.99,high,low,9,name.com,,,22/09/2026 11:22
7e01d173-ea26-4993-95fc-37bcaf4e2041,downstairs.technology,available,3.98,37.98,high,low,10,namecheap,,,14/08/2026 17:55
2e585fa5-b684-4fc5-9b65-601daff3bf9c,radically.technology,available,3.98,37.98,high,low,9,namecheap,,,15/09/2026 22:20
e8de4043-9fe3-4821-8da9-cd50e6efad7e,mourning.technology,available,3.98,37.98,medium,low,8,namecheap,,,25/08/2026 08:38
1c97fa4b-af7e-4942-b73e-7e4f69282106,anticipant.technology,available,3.98,37.98,medium,low,10,namecheap,,,
b35b7371-3b32-44fa-999c-ae8556c03f97,deniable.technology,available,3.98,37.98,medium,low,8,namecheap,,,14/08/2026 01:50
fb62391b-493c-4a1c-8a7b-7736a2a7e650,fires.technology,available,17.99,41.99,medium,low,5,name.com,,,18/09/2026 04:40
3d8b3137-a944-4170-b127-e5d47f12c42d,toxic.technology,available,12.99,28.49,high,low,5,namesilo,,,28/09/2026 09:26
8a9bc39c-3c38-4c7f-a66e-744316f62cae,cartridge.technology,available,3.31,22.97,high,low,9,spaceship,,,29/09/2026 18:14
5250d243-a2d8-4adc-85fb-e87b7663ab9c,sunken.technology,available,3.98,37.98,medium,low,6,namecheap,,,13/08/2026 22:55
340d68c5-e63d-4050-87ad-a905a7541198,arachis.technology,available,12.99,28.49,medium,low,7,namesilo,,,19/09/2026 23:37
23bf003e-c8d1-4989-a7f5-7b12ff46d50a,dragon.technology,resell,,,high,medium,6,"Sav.com, LLC - 32",23/01/2023 15:15,23/01/2027 15:15,29/09/2026 16:42
263d0d1d-88aa-4ead-86d8-911e60df5556,pectoral.technology,available,3.98,37.98,medium,low,8,namecheap,,,08/09/2026 11:58
53344e21-a1d0-41ec-b6d2-79602ae7266d,attender.technology,available,3.98,37.98,medium,low,8,namecheap,,,07/08/2026 15:17
c8431a74-98f7-4968-9c98-4ca2fb45f8d6,carbonic.technology,available,3.98,37.98,medium,low,8,namecheap,,,11/08/2026 18:37
62da9c2c-f501-4ca2-8879-0afe0089d8b3,bartholin.technology,available,12.99,28.49,medium,low,9,namesilo,,,22/09/2026 09:14
904ffc85-5f82-44c3-af64-96fa87b0b4c4,luzon.technology,available,3.31,22.97,high,low,5,spaceship,,,27/09/2026 14:53
77957051-14fc-4d03-8bfb-dee1231556b6,successors.technology,available,3.98,37.98,medium,low,10,namecheap,,,20/09/2026 05:21
fbce9c1a-6e38-44e1-866c-3a3fa7b5f77b,greenway.technology,available,3.31,22.97,medium,low,8,spaceship,,,29/09/2026 10:16
d70705cd-2349-4ee5-8779-b7625f5feff6,protected.technology,available,12.99,28.49,high,low,9,namesilo,,,27/09/2026 07:42
edf14b63-fd55-4fb3-9adc-06c5c5ef2831,floodwaters.technology,available,12.99,28.49,medium,low,11,namesilo,,,21/09/2026 03:37
150d0d67-cc3e-4a6a-aa43-f575a76cec48,arguing.technology,available,3.98,37.98,medium,low,7,namecheap,,,20/09/2026 04:50
f359c07a-ec0b-4952-b7af-f2d452098c95,stays.technology,available,3.98,37.98,high,low,5,namecheap,,,24/09/2026 18:24
d0ee43a6-d711-41a8-8c27-dcb0d07014d9,scrubbed.technology,available,9.85,23.76,high,low,8,dynadot,,,27/09/2026 18:56
8f7f5be6-6216-4e33-aa12-10c5b9a1ca8f,sorcerous.technology,available,3.98,37.98,medium,low,9,namecheap,,,24/08/2026 13:00
90a9ab05-4172-4b6e-bfd8-03c46d4b5ef0,flack.technology,available,3.98,37.98,medium,low,5,namecheap,,,
9a5cb6ef-031e-4d22-b635-fd762ef22ab5,violation.technology,available,3.31,22.97,high,low,9,spaceship,,,30/09/2026 00:09
6bacb603-a230-43b8-8da1-d7fb4a5c9ec5,anchovy.technology,available,12.99,28.49,high,low,7,namesilo,,,19/09/2026 03:46
2bba4230-0087-4647-97e7-df9ff51f4674,ephesus.technology,available,3.31,22.97,medium,low,7,spaceship,,,29/09/2026 06:27
f15fb21b-fdff-4d2b-bd92-ec9270df04f9,sep.technology,available,,,high,low,3,,,,
6280c825-c0ae-4ac8-b6aa-0d5409271699,attained.technology,available,3.98,37.98,medium,low,8,namecheap,,,07/08/2026 15:07
4d8ac51c-5e92-4ed0-a7b3-11fa84c575e4,rockville.technology,available,3.98,37.98,medium,low,9,namecheap,,,28/09/2026 16:09
27b09155-6410-40a9-9bbe-02bdb62253d4,insignificant.technology,available,17.99,,medium,low,13,name.com,,,
42f6d877-4a38-4129-823d-57c8a6115ce6,oriented.technology,available,12.99,28.49,high,low,8,namesilo,,,26/09/2026 00:29
d8263578-1391-4ccb-a01a-286f4e6ea46a,forget.technology,available,17.99,,medium,low,6,name.com,,,
d4f0f4be-c5dc-4517-9713-c2aa4cd76b67,tone.technology,available,3.31,22.97,high,low,4,spaceship,,,29/09/2026 19:30
b6951f04-ef70-454c-a5ff-83aee24f99e6,poles.technology,available,12,,medium,low,5,unstoppable,,,29/09/2026 10:31
f0a5aac1-af49-49ec-9973-783ed8825e60,fits.technology,available,3.98,37.98,medium,low,4,namecheap,,,18/09/2026 18:43
8a35c811-2303-47bb-aa97-6eaebb420068,wrecked.technology,available,12.99,28.49,medium,low,7,namesilo,,,28/09/2026 11:09
42a55b8d-1260-4656-8e0b-082233705a40,soup.technology,available,17.99,,high,low,4,name.com,,,
b59a9405-7040-4364-8756-37190e14ff99,few.technology,premium,118.8,118.8,high,low,3,namesilo,,,24/09/2026 17:38
f18128ae-ded5-49df-b15a-882338196b62,uncles.technology,available,3.98,37.98,medium,low,6,namecheap,,,20/09/2026 08:48
1617f33f-21f7-4945-b120-da0e5f379231,depart.technology,available,3.31,22.97,high,low,6,spaceship,,,28/09/2026 20:27
945156be-d698-45d5-a258-235960a2dde0,abides.technology,available,12.99,28.49,medium,low,6,namesilo,,,18/09/2026 17:00
4200bc96-edbf-4d3e-95b8-37d201891b0a,stemmed.technology,available,3.98,37.98,medium,low,7,namecheap,,,11/08/2026 22:33
fb676095-2969-4a44-beef-3e890aa1987c,rumour.technology,available,3.98,37.98,high,low,6,namecheap,,,21/08/2026 02:08
6fa85d41-ecb5-409e-833c-f20a17810ae4,autobiography.technology,available,9.78,23.17,medium,low,13,porkbun,,,29/09/2026 23:22
2ad12b61-9986-4c68-a78a-b568b10f9021,chaplin.technology,available,3.31,22.97,high,low,7,spaceship,,,28/09/2026 18:39
f78c6dfa-e405-410c-8b6c-b9089e470bb1,balas.technology,available,3.98,37.98,medium,low,5,namecheap,,,21/09/2026 21:07
ea2e3fc5-e3a5-477b-ba7d-5c46bd5c1e74,veinal.technology,available,3.98,37.98,low,low,6,namecheap,,,13/09/2026 01:51
2e0b2e67-67b1-41f7-8b5d-4a1dbd5a8296,collectors.technology,available,9.85,23.76,high,low,10,dynadot,,,29/09/2026 17:58
b1a31759-ae24-4b86-9e4d-26e005303440,kenyan.technology,available,3.98,37.98,high,low,6,namecheap,,,22/08/2026 15:34
32567ab2-16e1-434d-9151-40539b761749,knower.technology,available,12.99,28.49,medium,low,6,namesilo,,,19/09/2026 22:14
33340631-ce3d-4b22-8cc3-b5fd03b7c1fb,residents.technology,available,3.31,22.97,low,low,9,spaceship,,,28/09/2026 09:00
6f3a5484-fb7d-449e-ba2c-037f1de3d045,westchester.technology,available,12.99,28.49,medium,low,11,namesilo,,,27/09/2026 01:58
199f73df-5aa7-4f57-92f3-1ed216113045,bereaved.technology,available,3.98,37.98,low,low,8,namecheap,,,09/08/2026 15:03
5e9d5deb-d291-4ae0-b074-2047326a978b,ngo.technology,premium,38.94,38.94,high,low,3,namesilo,,,27/09/2026 04:51
2a93f6bd-3ed0-444c-85c5-6194ea1a9ee4,spaghetti.technology,available,22.2,22.2,high,low,9,cloudflare,,,28/09/2026 15:23
740a1358-1ae9-4eb6-a235-fb45455480a2,however.technology,available,12.99,28.49,medium,low,7,namesilo,,,28/09/2026 11:49
8a8ccf49-b8ac-49f3-98b8-32719e5289e4,filming.technology,available,12,,high,low,7,unstoppable,,,29/09/2026 09:15
f9727fe2-0b13-4cd4-82fe-760c5ce317a2,sal.technology,premium,85.8,85.8,high,low,3,namecheap,,,28/09/2026 03:21
a6e91b02-5beb-4e6b-8993-ea9c819dd271,processing.technology,premium,,,high,low,10,,,,28/09/2026 15:08
d017f7a6-d219-4387-858e-ec93095b4729,nippy.technology,available,3.98,37.98,high,low,5,namecheap,,,03/09/2026 17:42
90585f93-c0e2-4613-aff5-5f330d118a4b,sharpness.technology,available,12.99,28.49,medium,low,9,namesilo,,,24/09/2026 23:08
9a98f9f2-dd34-4d31-9505-83b40543999a,ariose.technology,available,3.98,37.98,medium,low,6,namecheap,,,06/08/2026 19:19
0449fec2-a180-4248-93bf-223a4092425a,dishonesty.technology,available,9.85,23.76,medium,low,10,dynadot,,,29/09/2026 15:54
78668a7f-3d9e-4b04-b9e5-ab358b85c738,acyl.technology,available,3.98,37.98,medium,low,4,namecheap,,,17/09/2026 05:49
967015a8-aa4e-4872-a84f-e7d3e25ebc36,pier.technology,available,12.99,28.49,high,low,4,namesilo,,,28/09/2026 06:35
e4e3f197-f1ff-4855-972d-908daf2ede1d,photographed.technology,available,3.98,37.98,medium,low,12,namecheap,,,21/09/2026 09:25
4dd96887-cf8f-435e-be3a-2474bf0996b2,beastly.technology,available,3.98,37.98,medium,low,7,namecheap,,,09/08/2026 04:54
735afbf6-c082-4e68-95fd-7d8dfa365885,oily.technology,available,3.98,37.98,medium,low,4,namecheap,,,11/08/2026 11:42
caa48f27-e66d-4d58-a4ca-b8a0e8349c83,produced.technology,available,12.99,28.49,medium,low,8,namesilo,,,19/09/2026 16:32
2562a0e1-9f0e-431d-b95d-c5a508f71370,maintenance.technology,available,9.85,23.76,high,low,11,dynadot,,,27/09/2026 21:41
a79e4b6e-5474-41df-97c7-4ba3ed02531f,valiantly.technology,available,12.99,28.49,medium,low,9,namesilo,,,16/09/2026 10:36
3bc8d3a2-a348-49e4-88a1-9d4223ae80f5,edmunds.technology,available,12,,medium,low,7,unstoppable,,,28/09/2026 16:36
4ad29a58-8d77-45da-a17c-857773df2d01,thriller.technology,available,12.99,28.49,high,low,8,namesilo,,,29/09/2026 14:04
138cfa17-d001-41fd-a231-32be56feb4e7,recurring.technology,available,3.98,37.98,high,low,9,namecheap,,,09/09/2026 11:58
4a6ee092-f4b1-4b02-95ec-8f12358b73ca,pub.technology,premium,99.5,,high,low,3,unstoppable,,,29/09/2026 20:50
dfd2c20d-a899-4ea0-9810-06689a942e05,legged.technology,available,3.98,37.98,high,low,6,namecheap,,,22/08/2026 22:55
6f02a87c-6aa9-4875-bde2-b14f18f723d7,holman.technology,available,3.31,22.97,high,low,6,spaceship,,,28/09/2026 04:15
5c45c30a-750b-44aa-94c3-485ba8cfa467,amide.technology,available,3.98,37.98,high,low,5,namecheap,,,18/09/2026 21:35
99abeafc-4ad2-4152-9133-02a62976fdc8,thankful.technology,available,12.99,28.49,high,low,8,namesilo,,,24/09/2026 22:54
14b0e1c0-b374-4e29-978b-f1c718a96325,annexa.technology,available,17.99,41.99,medium,low,6,name.com,,,17/09/2026 09:06
b913db35-233d-4241-b2b2-366d965e4a90,droning.technology,available,3.98,37.98,medium,low,7,namecheap,,,25/08/2026 05:28
f9713c0d-20d3-4369-89e8-e1507bf76e74,hiv.technology,premium,78.54,78.54,high,low,3,namesilo,,,25/09/2026 07:23
4cc56dba-4ed9-4044-9fb9-c8fb419add56,discontent.technology,available,3.98,37.98,medium,low,10,namecheap,,,14/08/2026 09:59
fa0c2377-4bc8-4d89-91af-95f4c69ef88d,shallot.technology,available,12.99,28.49,medium,low,7,namesilo,,,18/09/2026 11:16
3a1da99a-ceaf-4171-a697-69fb96810209,townshend.technology,available,3.31,22.97,medium,low,9,spaceship,,,29/09/2026 04:20
35f1e25f-b043-4e4c-bdcf-ab8739246ef1,zoonotic.technology,available,3.98,37.98,medium,low,8,namecheap,,,13/09/2026 15:35
3109de9d-66a7-48cf-843b-4175d66c1402,ppp.technology,premium,,,high,low,3,,,,28/09/2026 06:33
649f04b7-9061-4d6f-b86a-da6d222ea419,contrived.technology,available,3.98,37.98,medium,low,9,namecheap,,,12/08/2026 23:42
1e0db356-3886-4075-9499-c1ec03dd7ce3,sunburnt.technology,available,3.98,37.98,medium,low,8,namecheap,,,11/09/2026 01:48
f6376c18-4da2-43a2-ad9f-0c8a57aa20e0,indication.technology,available,12.99,28.49,high,low,10,namesilo,,,24/09/2026 21:52
f3ba25fd-d696-4d81-bc14-1f9652e84465,sapphic.technology,available,3.98,37.98,medium,low,7,namecheap,,,23/08/2026 00:18
9c25e4cc-662f-4e38-9dad-cee72ddf8cf5,washup.technology,available,12.99,28.49,medium,low,6,namesilo,,,24/09/2026 22:42
10fcab5d-98b8-4fca-be32-9c581931e5c5,analyzing.technology,available,9.85,23.76,medium,low,9,dynadot,,,29/09/2026 10:50
59e1b6a0-0b84-419f-a05f-22e5bb2a2adc,patti.technology,available,22.2,22.2,medium,low,5,cloudflare,,,28/09/2026 12:07
d5da94b0-ce18-4d89-b151-7007b7232c70,ponderous.technology,available,3.98,37.98,medium,low,9,namecheap,,,24/08/2026 11:10
32be2459-7403-47e8-903d-32874f283566,willard.technology,available,12.99,28.49,medium,low,7,namesilo,,,25/09/2026 05:33
4157b351-a4e4-4f5e-a057-269c56855347,refused.technology,available,3.98,37.98,medium,low,7,namecheap,,,18/09/2026 13:40
61cff323-bd37-4e00-8518-f5bae9a5c48c,applesauce.technology,available,3.98,37.98,high,low,10,namecheap,,,19/09/2026 21:26
46111860-ad1d-4177-9857-2c3e7cf62a5d,trophies.technology,available,3.31,22.97,medium,low,8,spaceship,,,29/09/2026 17:40
dc77bc43-72a7-42c1-8a5b-7c13b786f93e,mournfully.technology,available,3.98,37.98,medium,low,10,namecheap,,,15/09/2026 15:33
58f5b5f1-3a61-46c7-85ac-d852210c5db8,quickset.technology,available,3.98,37.98,medium,low,8,namecheap,,,09/09/2026 08:43
b5643560-6525-4e44-a664-1928f606f1b1,seljuk.technology,available,3.98,37.98,medium,low,6,namecheap,,,10/09/2026 02:15
5513ef19-c8df-4013-876b-5f0c647e0113,reporting.technology,premium,500,,high,low,9,name.com,,,
40a3561c-bbc4-4162-9af5-29f29fb9a480,canvasback.technology,available,12.99,28.49,medium,low,10,namesilo,,,21/09/2026 10:51
e7d28688-2207-441d-81bf-4401519c0de1,vote.technology,resell,,,high,medium,4,"Spaceship, Inc.",23/02/2026 08:56,23/02/2027 08:56,29/09/2026 00:47
ae3badb1-03a0-4484-9f70-301227518fca,sonsy.technology,available,3.98,37.98,medium,low,5,namecheap,,,10/08/2026 20:35
505e37ee-4693-4117-8abe-9d28b01dfb1a,osmium.technology,available,12.99,28.49,high,low,6,namesilo,,,20/09/2026 23:48
92373ae9-e307-4cc8-89b9-d6de676312b4,respectful.technology,available,3.98,37.98,high,low,10,namecheap,,,27/09/2026 12:44
9b070075-b862-4885-920a-c0007b22c51a,bionics.technology,available,12.99,28.49,high,low,7,namesilo,,,23/09/2026 18:40
57cbe8e5-361d-4c25-a7cd-05b8c4b84e22,metabolous.technology,available,3.98,37.98,medium,low,10,namecheap,,,24/08/2026 21:28
b0680dad-af22-4560-a389-e404a1bb5631,differential.technology,available,3.31,22.97,high,low,12,spaceship,,,29/09/2026 21:05
1d5e6696-e467-4126-8c1e-6804a23acef8,sour.technology,available,3.98,37.98,high,low,4,namecheap,,,20/08/2026 15:04
1e65a764-c088-4afe-8c62-d426d0bd9bd8,entree.technology,available,12.99,28.49,high,low,6,namesilo,,,16/09/2026 22:08
94b60fd4-dd3a-488d-9ffa-9072f45f554f,discounter.technology,available,3.31,22.97,high,low,10,spaceship,,,28/09/2026 02:50
7402cf45-d663-4c38-82a3-c2d73b79b02a,drain.technology,available,12.99,28.49,high,low,5,namesilo,,,24/09/2026 23:49
bee5e9a9-d6d8-4fb2-aaf8-7d856ea1269e,digging.technology,available,3.31,22.97,high,low,7,spaceship,,,27/09/2026 13:02
df514f0b-71a0-4acf-9ca6-73e1c17bf7cb,esp.technology,premium,118.8,118.8,high,low,3,namesilo,,,24/09/2026 15:12
678eca39-a080-4018-82b2-8cb83cc53d1d,citrin.technology,available,3.98,37.98,high,low,6,namecheap,,,23/09/2026 18:00
58d9e97a-96d0-4dfa-9a48-c40ef687fcec,identifying.technology,available,9.85,23.76,high,low,11,dynadot,,,29/09/2026 08:55
1c07a3c0-ce11-48df-9a87-c55ae06585a8,occupy.technology,available,12.99,28.49,high,low,6,namesilo,,,23/09/2026 12:12
e5830711-c6c6-4bd8-99bd-fcb413222728,lists.technology,available,12.99,28.49,medium,low,5,namesilo,,,17/09/2026 08:32
55f4791d-0c98-4a95-9a08-019538e067b6,landings.technology,available,12,,medium,low,8,unstoppable,,,30/09/2026 00:42
653e5302-6fe1-4d26-ab39-c5df3ceb92ad,confess.technology,available,17.99,,high,low,7,name.com,,,
79e1d31b-77f5-4d04-9397-7d9cb99f8b8a,references.technology,available,12.99,28.49,medium,low,10,namesilo,,,18/09/2026 16:07
2fbfd4e8-8137-4c36-9d43-f7b85fbf463b,usual.technology,available,3.31,22.97,high,low,5,spaceship,,,28/09/2026 10:03
bcee262f-52c1-4111-a9a8-30786d17188c,bawdy.technology,available,3.98,37.98,medium,low,5,namecheap,,,09/08/2026 02:05
e0634d97-f318-4d69-af82-7e94ad350872,slav.technology,available,3.98,37.98,high,low,4,namecheap,,,10/09/2026 10:28
c1cd5246-3c19-4d31-b0d6-0cc0d9c178f2,shaper.technology,available,3.98,37.98,high,low,6,namecheap,,,30/09/2026 03:43
1932b2b9-2b67-4382-b9ee-fd0bf3a94890,fagged.technology,available,3.98,37.98,low,low,6,namecheap,,,14/08/2026 14:47
7ede2858-6e98-42dd-bee7-08372773865f,postpone.technology,available,3.31,22.97,high,low,8,spaceship,,,29/09/2026 08:12
f987c1cc-3642-4d07-88d2-072382a4c52d,russian.technology,available,9.85,23.76,high,low,7,dynadot,,,27/09/2026 17:35
a3608f7a-3540-4106-89e4-84a80b394b9a,abnormal.technology,available,12.99,28.49,high,low,8,namesilo,,,21/09/2026 14:04
9958aadc-0361-48f9-a498-85e05eb92ae5,prosecutor.technology,available,3.98,37.98,high,low,10,namecheap,,,27/09/2026 05:05
e1252fd8-b62d-48b6-a63e-55e833fdedc6,til.technology,available,22.2,22.2,high,low,3,cloudflare,,,28/09/2026 11:25
be547898-4707-4245-a021-2ef22bcfc313,producers.technology,available,9.85,23.76,medium,low,9,dynadot,,,28/09/2026 23:09
37fc2047-6bdb-4ac5-81ea-2ba17f222edb,bernini.technology,available,12.99,28.49,high,low,7,namesilo,,,23/09/2026 09:56
b960ac54-647c-45cc-9178-0a3b8c64a72a,introducing.technology,available,17.99,,medium,low,11,name.com,,,17/09/2026 20:59
7e8cb3da-ef1b-4dbb-bc1e-477a46eb5a9e,permit.technology,available,12.99,28.49,high,low,6,namesilo,,,24/09/2026 18:39
79966d6a-748c-4826-819f-0074d5ee92de,visitors.technology,available,12.99,28.49,high,low,8,namesilo,,,18/09/2026 16:57
64555831-2c10-4315-8c05-cba35e303ded,unprompted.technology,available,3.98,37.98,medium,low,10,namecheap,,,21/08/2026 23:28
fbadd060-7eea-4795-830c-4ee469711d9b,madame.technology,available,12,,high,low,6,unstoppable,,,28/09/2026 06:18
9c1656d5-c8c4-46f9-bd9c-095f57cccb43,columbus.technology,premium,,,high,low,8,,,,28/09/2026 05:23
6281ebab-8fdf-4c57-8a4f-c51d27542faa,unsocial.technology,available,3.98,37.98,medium,low,8,namecheap,,,12/09/2026 20:11
88622cf5-cddb-4e7a-b502-2a623add9991,olfactive.technology,available,3.98,37.98,medium,low,9,namecheap,,,04/09/2026 02:13
7fdef430-ff1b-4895-8ab6-bf0c0afc9959,disclose.technology,available,3.31,22.97,high,low,8,spaceship,,,29/09/2026 20:42
f48cd25e-cbfd-4834-98ec-5e7eac516664,chivalric.technology,available,3.98,37.98,medium,low,9,namecheap,,,12/08/2026 06:09
66ef3df2-d562-4cda-8f3e-cbc3a26467bb,quitting.technology,available,12.99,28.49,medium,low,8,namesilo,,,17/09/2026 01:45
9c361d4d-38a5-4e8f-b426-41622e1e6aa6,carlo.technology,available,3.31,22.97,medium,low,5,spaceship,,,28/09/2026 08:41
b6949f7e-4c31-493f-b0d3-27a49391036f,beleaguer.technology,available,3.98,37.98,medium,low,9,namecheap,,,21/09/2026 17:03
8ed8cbcd-b524-4e1e-8279-6538312271e7,billiard.technology,available,3.98,37.98,high,low,8,namecheap,,,09/08/2026 21:25
9387bc36-0dd5-4142-9f1f-50b1a67af4ea,algonkin.technology,available,3.98,37.98,medium,low,8,namecheap,,,
69eefc63-e123-45ae-b274-ba49e3d5afdc,wegener.technology,available,3.98,37.98,medium,low,7,namecheap,,,18/09/2026 06:39
75925fec-33fc-4b84-babb-f60ebf1facb0,diaz.technology,premium,128.7,128.7,high,low,4,namecheap,,,22/09/2026 09:18
f91a24a1-f0a0-4b74-a393-a5d62a0bc254,becalmed.technology,available,3.98,37.98,medium,low,8,namecheap,,,09/08/2026 06:03
ca022335-e36f-4df6-81a1-81295dc86602,burger.technology,available,12.99,28.49,high,low,6,namesilo,,,29/09/2026 01:52
521eadc9-42bb-44d2-bbe0-de7a4e6d82c3,case.technology,resell,,,high,low,4,"Spaceship, Inc.",27/03/2026 22:28,27/03/2027 22:28,29/09/2026 07:33
6e835769-eaa9-4af0-8f7f-4a80bf23c284,benton.technology,available,12.99,28.49,high,low,6,namesilo,,,25/09/2026 17:00
9997a9b6-c87f-4fda-b5d2-cf99fed46fad,warming.technology,available,3.98,37.98,high,low,7,namecheap,,,11/08/2026 14:09
fd67a3a3-7cd0-48d1-b758-c4ba28253c1e,tapped.technology,available,3.98,37.98,high,low,6,namecheap,,,11/09/2026 08:19
d3a04db9-bde3-49d9-860b-ef1b5e797556,boozer.technology,available,3.98,37.98,medium,low,6,namecheap,,,
219861d2-cdac-49b3-b0a3-45504a915fda,marbled.technology,available,3.98,37.98,medium,low,7,namecheap,,,24/08/2026 15:47
08772c4a-0ce2-4584-a34f-da0c8d02b3e1,untucked.technology,available,3.98,37.98,low,low,8,namecheap,,,12/09/2026 21:50
4f9a5768-5f91-42f5-a4d9-144e89b378b0,athens.technology,available,3.98,37.98,high,low,6,namecheap,,,20/09/2026 20:44
ba0d3884-989a-422c-8b83-7c10edd1b032,clarify.technology,available,12.99,28.49,high,low,7,namesilo,,,29/09/2026 02:43
cd1a65c2-d4ef-433e-a6a3-2ce45477b2f1,palmae.technology,available,12.99,28.49,medium,low,6,namesilo,,,20/09/2026 03:32
16277061-cf73-4ed4-be23-2046278705a9,antefix.technology,available,12.99,28.49,medium,low,7,namesilo,,,19/09/2026 12:49
3773dcf7-a859-4e7b-b198-c98bea8336e5,jolson.technology,available,12.99,28.49,medium,low,6,namesilo,,,18/09/2026 01:21
ca0d5f59-ae13-49ce-b61f-bbcc4b641e1a,meals.technology,available,12.99,28.49,high,low,5,namesilo,,,18/09/2026 16:02
163223f6-7976-4fc1-a51d-829e361511b2,slavish.technology,available,3.98,37.98,medium,low,7,namecheap,,,10/09/2026 10:38
ead36131-ebc8-4c6d-a0a9-8230af50aeee,whom.technology,available,17.99,,medium,low,4,name.com,,,
9861eb17-89ce-4e33-aeff-fb76d596b9be,katharsis.technology,available,3.98,37.98,medium,low,9,namecheap,,,16/09/2026 17:05
5d615e09-25b1-4d12-b0e1-4939d1a3eb19,nicki.technology,available,17.99,,high,low,5,name.com,,,
3e57b977-d99e-419f-827c-7efbb4414211,agrologic.technology,available,3.98,37.98,medium,low,9,namecheap,,,
12ac79e1-39cf-409d-96bd-89397ce47790,gad.technology,premium,78.54,78.54,high,low,3,namesilo,,,19/09/2026 15:59
db948916-93a3-4bd1-80c4-c66dddfe34ca,officious.technology,available,3.98,37.98,medium,low,9,namecheap,,,11/08/2026 11:26
f0ce2695-4977-4225-a075-789c7ca1b1d4,imaging.technology,premium,414.2,414.2,high,low,7,spaceship,,,29/09/2026 19:16
85c66a2b-c9e1-4d8c-8521-4d542a090e9e,smallpox.technology,available,12,,medium,low,8,unstoppable,,,29/09/2026 02:12
4dbd158a-0b95-403e-8540-805cc5f33db9,clarkson.technology,available,12.99,28.49,medium,low,8,namesilo,,,27/09/2026 01:50
0c882f60-354d-48bd-a129-6683833dc2a0,leech.technology,available,12.99,28.49,medium,low,5,namesilo,,,24/09/2026 06:16
4ab6f085-5acb-4e0b-b666-491ffe96f9ee,inscribed.technology,available,3.98,37.98,medium,low,9,namecheap,,,17/08/2026 08:24
fb174d72-7afa-4b91-8f10-1ca87f564fc0,pitfall.technology,available,17.99,,medium,low,7,name.com,,,
8322da0c-5395-440d-b36e-ec4e3566d10c,unlawful.technology,available,3.98,37.98,medium,low,8,namecheap,,,21/08/2026 19:54
f75baaf8-5d0f-4a9e-9c7d-83aa16e61afd,vivacious.technology,available,3.98,37.98,high,low,9,namecheap,,,13/09/2026 05:07
7f4ef618-0824-451b-868b-5e47e42fb31c,chairs.technology,available,3.98,37.98,medium,low,6,namecheap,,,17/09/2026 18:32
d4383514-ccb7-4c83-a2f4-4aed748e1780,lungs.technology,available,12.99,28.49,medium,low,5,namesilo,,,27/09/2026 02:43
45031934-9d95-47d0-bd19-d6a433e33cee,debt.technology,available,22.2,22.2,high,low,4,cloudflare,,,29/09/2026 13:26
9decce66-4e8e-4a87-a742-5817b0ebe8aa,sexually.technology,available,3.98,37.98,medium,low,8,namecheap,,,16/09/2026 01:18
cac7c9f0-190b-4e3f-bf5b-bd4665d8a823,sub.technology,premium,99.5,118.8,high,low,3,unstoppable,,,28/09/2026 01:46
d2636f75-8fc8-481d-8995-a112ba4b7d2e,filets.technology,available,12.99,28.49,medium,low,6,namesilo,,,20/09/2026 11:33
d93c1270-886a-452c-84f9-e9abaa5cc20b,pimiento.technology,available,12.99,28.49,medium,low,8,namesilo,,,23/09/2026 05:38
1b36218b-9efc-4472-9fef-ec9ff493aedc,toupeed.technology,available,3.98,37.98,low,low,7,namecheap,,,11/09/2026 18:18
704cafa5-04ba-41a2-a1bb-3addfa436e82,stolid.technology,available,3.98,37.98,medium,low,6,namecheap,,,21/08/2026 21:51
e75a587d-58b1-4586-b69a-d17a127cb393,scaphoid.technology,available,3.98,37.98,medium,low,8,namecheap,,,03/09/2026 14:11
663f7cf3-30d9-45ce-a56b-7b329d8acd40,sorrel.technology,available,3.98,37.98,medium,low,6,namecheap,,,11/08/2026 06:31
6501b63c-0cbd-4bba-a59b-89dc4ba61eaf,searched.technology,available,12.99,28.49,medium,low,8,namesilo,,,18/09/2026 02:50
acff2044-3759-456d-96cb-5f7a95c2d035,pressure.technology,resell,,,high,low,8,"Spaceship, Inc.",14/08/2026 21:06,14/08/2027 21:06,26/09/2026 08:18
cd7a81ca-3c11-4631-aa7f-6c2777127eb8,davy.technology,available,3.31,22.97,high,low,4,spaceship,,,29/09/2026 12:01
30a676b9-d6b8-4866-ad0f-4b69dd381013,procedures.technology,available,12.99,28.49,medium,low,10,namesilo,,,18/09/2026 17:33
cd2ab170-39d1-4c34-9549-35a47dc406c1,unearthly.technology,available,3.98,37.98,medium,low,9,namecheap,,,16/08/2026 02:28
a66ebf21-98bc-405a-8127-5f8091e113d6,avulsion.technology,available,3.98,37.98,medium,low,8,namecheap,,,21/09/2026 09:54
33a86017-92d9-4c1c-a200-c696cdee1e24,chased.technology,available,12.99,28.49,high,low,6,namesilo,,,27/09/2026 08:31
9380b02c-6143-42d0-9733-c241ead85f09,tight.technology,premium,78.54,78.54,medium,low,5,namesilo,,,09/08/2026 17:09
51a20d73-b8da-45d4-bf13-09188a255497,trick.technology,available,12.99,28.49,high,low,5,namesilo,,,22/09/2026 06:28
7cfd4265-97b4-4d99-ae9b-d4db7d9244ef,sotho.technology,available,3.98,37.98,medium,low,5,namecheap,,,10/09/2026 14:39
88855454-1dbd-450b-a50e-240bb5db7698,obdurate.technology,available,3.98,37.98,medium,low,8,namecheap,,,13/08/2026 12:15
5a16a8c2-f5ce-487d-9a84-36d76ad8667b,stains.technology,available,9.78,23.17,medium,low,6,porkbun,,,29/09/2026 22:47
43eadfdb-9400-4d2c-b010-02c0bd60be38,memorable.technology,available,3.98,37.98,high,low,9,namecheap,,,25/09/2026 19:29
e7e131f3-f693-4e35-a0b9-609649afe3bb,alpinism.technology,available,12.99,28.49,medium,low,8,namesilo,,,18/09/2026 14:05
b0b4491f-0bd5-4090-8d23-79cd0fede9fd,comforting.technology,available,3.98,37.98,high,low,10,namecheap,,,12/08/2026 03:43
76fa01a5-0319-4c0a-abbe-59e35791602b,mythologic.technology,available,3.98,37.98,medium,low,10,namecheap,,,03/09/2026 12:33
88febdbf-d400-4eca-9641-0ae922a31342,handbill.technology,available,3.98,37.98,medium,low,8,namecheap,,,11/08/2026 05:06
cb64df21-0ddb-409e-9917-f4c33b25695c,reviving.technology,available,3.98,37.98,high,low,8,namecheap,,,09/09/2026 14:08
34d9ab0d-8070-4e2f-b038-c017d9c3288c,aberdonian.technology,available,3.98,37.98,medium,low,10,namecheap,,,
a5964128-1b45-446e-be08-dcb81ba426aa,limitations.technology,available,12.99,28.49,medium,low,11,namesilo,,,29/09/2026 10:21
cc09253e-f3f0-43cd-b1de-ba9b9d80d085,balusters.technology,available,12.99,28.49,high,low,9,namesilo,,,22/09/2026 00:30
861fb441-bd1f-4f95-a98f-c87335c91bb3,mandibular.technology,available,3.98,37.98,medium,low,10,namecheap,,,22/08/2026 04:40
499d84e3-8863-47fc-b97d-2ba1efd8a1b5,brith.technology,available,12.99,28.49,high,low,5,namesilo,,,23/09/2026 09:27
89d79f83-4bee-4f08-a157-214e79491610,zaragoza.technology,available,3.31,22.97,high,low,8,spaceship,,,29/09/2026 08:01
bc9c60d7-63b6-44b9-8a39-c07b44a52df4,estimation.technology,available,3.98,37.98,high,low,10,namecheap,,,19/09/2026 22:26
cc1b51f9-b1fb-433f-9f05-d8f7366d3484,side.technology,available,12.99,28.49,high,low,4,namesilo,,,27/09/2026 21:50
50d7892f-f40e-4e55-a436-01e1af86792b,atar.technology,available,3.98,37.98,medium,low,4,namecheap,,,20/09/2026 19:24
6c387bcc-3d56-4b94-b9fe-8a3a72391c2f,loco.technology,resell,,,high,low,4,"Spaceship, Inc.",10/07/2026 17:01,10/07/2027 17:01,26/09/2026 07:17
7b5554e7-7123-43c1-84f5-9e4093c502be,beaded.technology,available,3.98,37.98,medium,low,6,namecheap,,,09/08/2026 03:18
16d5cd1e-25c7-4645-a7f3-fb0ce31a43b3,nottingham.technology,available,17.99,41.99,high,low,10,name.com,,,26/09/2026 00:49
65e7fb01-43b1-4300-801b-8cb3e54b2473,loading.technology,available,12.99,28.49,high,low,7,namesilo,,,24/09/2026 12:57
6edaea83-39da-452b-b42c-c5f85b70bc0b,stative.technology,available,3.98,37.98,medium,low,7,namecheap,,,10/09/2026 19:14
163bfedc-1997-460a-a97a-6602979078ef,hebron.technology,available,3.98,37.98,medium,low,6,namecheap,,,28/09/2026 16:34
9b204373-fa02-44da-9233-28e7546f8750,rushy.technology,available,3.98,37.98,medium,low,5,namecheap,,,09/09/2026 20:04
61035800-0db9-4e1a-b1b4-5777de4065df,lon.technology,premium,99.5,,medium,low,3,unstoppable,,,28/09/2026 11:31
35f4a275-3847-43a9-b842-8ca3d6b30a0c,plasma.technology,resell,,,high,low,6,,,,28/09/2026 00:56
89c9f6b5-b6f4-4153-adc8-f5a111b895a9,acm.technology,resell,,,high,low,3,,,,28/09/2026 03:40
b2341f8c-7818-47bd-bc8f-4a32789d88ab,pellmell.technology,available,3.98,37.98,medium,low,9,namecheap,,,21/08/2026 01:07
267f9c8a-b895-4757-8514-168719f72538,laotian.technology,available,3.98,37.98,medium,low,7,namecheap,,,22/08/2026 19:36
3fef555b-1168-4bcd-97c1-6a23ccbf0964,unvented.technology,available,3.98,37.98,low,low,8,namecheap,,,12/09/2026 22:11
65262f90-0240-4249-b9f0-ee265bab63fa,fragmental.technology,available,3.98,37.98,medium,low,10,namecheap,,,18/08/2026 14:01
f1c6954a-94b1-49a7-b1b1-85df0f086d0e,passing.technology,available,12.99,28.49,high,low,7,namesilo,,,24/09/2026 14:24
181a6a64-15ec-49ab-b3c1-b938432cafa3,adored.technology,available,3.98,37.98,high,low,6,namecheap,,,21/09/2026 19:35
6159ad9a-46bd-4b54-90b7-1ff945907f82,cleared.technology,available,12,28.49,high,low,7,unstoppable,,,28/09/2026 14:48
dfdb4c52-36d0-426b-ae3f-deaa34a405d5,cousin.technology,available,3.98,37.98,high,low,6,namecheap,,,24/09/2026 18:49
9a5b5334-dfaa-4e7c-be67-df2cf5489c9c,bismark.technology,available,12.99,28.49,medium,low,7,namesilo,,,23/09/2026 09:37
e8203444-3e3c-4649-934f-e2d65cf10c7a,gangling.technology,available,3.98,37.98,medium,low,8,namecheap,,,18/08/2026 20:08
7a5f1d6d-7350-42eb-871d-c5c80fa293a4,tentacular.technology,available,3.98,37.98,medium,low,10,namecheap,,,11/09/2026 11:35
52ac9a27-b392-4951-910b-ff3298132b63,awaken.technology,available,12.99,28.49,high,low,6,namesilo,,,22/09/2026 14:40
ce590a6f-a9d1-4803-b3b5-bb7ff16767a6,alejandro.technology,available,9.85,23.76,high,low,9,dynadot,,,28/09/2026 07:52
2024baac-6fba-4979-a45e-3e399aa1e9e7,hasty.technology,available,3.98,37.98,medium,low,5,namecheap,,,21/08/2026 01:15
ea6a5a51-fe4c-4a61-92f7-961448794a59,baldhead.technology,available,12.99,28.49,medium,low,8,namesilo,,,21/09/2026 21:41
d97295e9-2236-422f-8042-8d8f3f97b908,sarcasm.technology,available,12.99,28.49,high,low,7,namesilo,,,24/09/2026 13:16
6ee791ba-ab3a-48a1-90d6-2f99328bc9c2,peep.technology,available,12.99,28.49,high,low,4,namesilo,,,24/09/2026 14:07
035ddc36-0405-4b8c-a0c8-a5b08435aac5,reconcile.technology,available,3.31,22.97,high,low,9,spaceship,,,29/09/2026 14:15
abd04f96-0e7b-448e-ab5f-ac9ecfff6140,bhutanese.technology,available,3.98,37.98,medium,low,9,namecheap,,,09/08/2026 18:24
8a2077cc-67ad-4ec2-84ff-40b0958c03db,thinner.technology,available,22.2,22.2,high,low,7,cloudflare,,,29/09/2026 06:40
1a3fb491-2b24-4204-8050-997888c50fba,terror.technology,available,3.31,22.97,high,low,6,spaceship,,,28/09/2026 19:24
ccce81ad-a590-44fa-a953-f7cbb40b273b,rant.technology,available,12.99,28.49,high,low,4,namesilo,,,24/09/2026 03:37
18cdc8e2-feef-48a4-bcf1-081334ffe3f8,lossless.technology,available,3.98,37.98,high,low,8,namecheap,,,24/08/2026 09:56
27ad440a-ae13-4ff7-9cb1-16bb371d3986,contraction.technology,available,9.85,23.76,high,low,11,dynadot,,,29/09/2026 10:10
5f8180c3-b0d5-40b8-988d-488aab5e1c82,enamored.technology,available,3.98,37.98,high,low,8,namecheap,,,16/08/2026 21:09
e22bec3c-7700-4cf5-9dda-d679f07cbc37,airfield.technology,available,12.99,28.49,high,low,8,namesilo,,,17/09/2026 23:09
109beabf-1c9a-4920-8efa-3a92bbb1c0c7,consulted.technology,available,12.99,28.49,medium,low,9,namesilo,,,29/09/2026 16:59
0ab9b761-1bc8-4364-b038-d15a48a53b8c,clark.technology,premium,38.94,38.94,high,medium,5,namesilo,,,25/09/2026 04:11
1a473215-a905-4b49-bceb-148cba368f8b,albino.technology,available,12.99,28.49,high,low,6,namesilo,,,18/09/2026 02:58
42fd6c15-05a2-46e8-901b-ead882a6ea4d,bergman.technology,available,3.98,37.98,high,low,7,namecheap,,,23/09/2026 09:21
4143c973-c869-4991-8711-459ff97ee460,washer.technology,available,3.98,37.98,high,low,6,namecheap,,,21/09/2026 06:54
b90101d3-0183-4684-807f-a5b957e0dd56,unlogical.technology,available,3.98,37.98,low,low,9,namecheap,,,21/08/2026 20:07
a88423bf-c536-4655-a4ee-3ec5c4a3610a,weedless.technology,available,3.98,37.98,medium,low,8,namecheap,,,13/09/2026 10:00
a2ca61f5-fd2d-4e5d-b6f4-aa87005c1338,alexanders.technology,available,12.99,28.49,medium,low,10,namesilo,,,18/09/2026 05:47
22660f54-11af-41f9-9ca8-1247d75a52c1,pee.technology,available,3.98,37.98,medium,low,3,namecheap,,,13/09/2026 09:51
17c2e391-ca60-47a2-aeef-6bb70113a38f,mouthguard.technology,available,17.99,,medium,low,11,name.com,,,
0d3943cd-173f-4aeb-8da4-9a68eec543f7,floccose.technology,available,3.98,37.98,medium,low,8,namecheap,,,18/08/2026 08:36
f24c96d5-512c-4e2e-85ce-ad367d2c3f60,broadwise.technology,available,3.98,37.98,medium,low,9,namecheap,,,14/09/2026 01:26
4fa9a66e-e19b-4749-9728-09384f99c769,trios.technology,available,12.99,28.49,medium,low,5,namesilo,,,19/09/2026 22:38
42d73e57-9b7c-49a8-9e14-adcbe469208c,serpent.technology,available,3.31,22.97,medium,low,7,spaceship,,,29/09/2026 01:45
f00001c1-4a44-4800-94dc-7992fa39600e,neglect.technology,available,12.99,28.49,high,low,7,namesilo,,,29/09/2026 16:14
2a63b166-91a3-41fa-b107-0c0af24bf637,higher.technology,available,17.99,,high,low,6,name.com,,,
3ec4d228-da83-4447-9c66-bfab66b9d45c,abide.technology,available,12.99,28.49,high,low,5,namesilo,,,29/09/2026 04:34
025969b6-d10f-4c87-9c82-6c44131f17be,fogey.technology,available,3.98,37.98,medium,low,5,namecheap,,,18/08/2026 13:10
afc155f4-f8e5-4a20-9a5c-e7d61902886f,verboten.technology,available,3.98,37.98,medium,low,8,namecheap,,,18/08/2026 11:06
32c29f2e-2810-495a-9830-1e12d260df54,labial.technology,available,3.98,37.98,medium,low,6,namecheap,,,22/08/2026 17:19
6e91bb9b-6330-4948-8a22-f97b75ae9608,tub.technology,premium,66.5,78.54,high,low,3,unstoppable,,,29/09/2026 01:33
90451669-0f03-40e7-9db0-0677a71da701,holly.technology,available,12,,high,low,5,unstoppable,,,29/09/2026 05:03
f8617c7c-4d60-4b3b-ba5f-26a13508271d,airman.technology,available,12.99,28.49,high,low,6,namesilo,,,17/09/2026 13:10
1ff3d0fd-36c2-472b-a18b-94b9c4ae07a4,reagan.technology,available,3.98,37.98,medium,low,6,namecheap,,,28/09/2026 15:06
cb775844-56f5-494d-bca1-894f11ece283,actively.technology,available,9.78,23.17,high,low,8,porkbun,,,28/09/2026 11:44
4f320809-05ef-4d2b-a1f4-0d09474a2171,angles.technology,available,3.31,22.97,medium,low,6,spaceship,,,28/09/2026 16:57
04fb8bf3-ee18-4666-b01a-d5f3168bdbcb,brambly.technology,available,3.98,37.98,medium,low,7,namecheap,,,11/08/2026 01:59
611e94ec-c4d3-473f-9bf0-a888f4f942e2,groin.technology,available,9.85,23.76,medium,low,5,dynadot,,,29/09/2026 18:05
1f87712e-9fcb-4aad-a77e-477564f70852,pantry.technology,available,3.98,37.98,high,low,6,namecheap,,,11/08/2026 11:54
e36d7e9d-a020-4bde-aba3-8c41a114ca88,acerbic.technology,available,3.98,37.98,medium,low,7,namecheap,,,
b8010411-46b3-4e93-b5a8-bba2f212e3ee,cot.technology,premium,78.54,78.54,high,low,3,namesilo,,,29/09/2026 06:09
281fa6e3-56f0-4579-98f4-eeda0106adcf,favorable.technology,available,12.99,28.49,high,low,9,namesilo,,,24/09/2026 17:21
42a49136-08aa-4989-9c75-0333af7f67ff,strenuous.technology,available,3.98,37.98,high,low,9,namecheap,,,10/09/2026 21:45
11cca5fb-5dbe-47e4-b6e3-27782cc0d366,fibre.technology,premium,102.67,102.67,high,low,5,spaceship,,,29/09/2026 19:17
65f841fa-e092-49ea-a30c-c87c026a6d28,erectile.technology,available,3.98,37.98,medium,low,8,namecheap,,,17/08/2026 12:07
156f095f-c0e6-4c7d-b2cb-d4e799dd8d9d,fannie.technology,available,12.99,28.49,medium,low,6,namesilo,,,28/09/2026 12:06
c86c7487-28c9-44b3-8f5e-7b22c16143d7,ambuscade.technology,available,3.98,37.98,medium,low,9,namecheap,,,24/08/2026 12:31
b8897b91-47f5-4427-8d29-bfafc5925409,bedsore.technology,available,12.99,28.49,medium,low,7,namesilo,,,22/09/2026 23:40
e641bd9a-fd88-45bc-8d2b-e0c4e734e772,pause.technology,available,3.31,22.97,high,low,5,spaceship,,,28/09/2026 06:34
c6ecbe61-e270-4f9a-a1a3-49854554d706,perhaps.technology,available,22.2,22.2,high,low,7,cloudflare,,,28/09/2026 16:16
ff98dfb8-02be-40bb-a11e-05da4c0b4aa1,conk.technology,available,3.98,37.98,medium,low,4,namecheap,,,17/08/2026 21:08
b05df462-81dd-4e7f-b757-c713ac73d08f,brethren.technology,available,3.31,22.97,high,low,8,spaceship,,,30/09/2026 00:52
fe854e06-2b08-45de-9c02-41d69309ffeb,grill.technology,available,3.31,22.97,high,low,5,spaceship,,,28/09/2026 05:54
5cd656a6-273c-4fe1-9808-6b20fbfc0c42,wanda.technology,available,3.31,22.97,medium,low,5,spaceship,,,28/09/2026 07:42
23eefa5c-ec7b-4901-86d8-3a9346fbab9a,sheeny.technology,available,3.98,37.98,high,low,6,namecheap,,,20/08/2026 14:32
02f9c1e6-2de6-40aa-a027-ed3b9d19fc8f,undreamt.technology,available,3.98,37.98,medium,low,8,namecheap,,,12/09/2026 08:24
d2032083-1916-4fc1-b8fb-86589eb2b653,voters.technology,available,9.85,23.76,medium,low,6,dynadot,,,29/09/2026 10:41
f84de62f-7846-4e27-a5ac-3c76e57c07d5,heel.technology,available,12,,medium,low,4,unstoppable,,,29/09/2026 02:57
1ad0f6f2-a9fd-42ff-8f4b-2c4bb28ebf43,mentality.technology,available,12.99,28.49,high,low,9,namesilo,,,29/09/2026 06:09
b2d59a53-486b-40d3-9572-3656dae87bc3,gaza.technology,available,3.98,37.98,high,low,4,namecheap,,,25/09/2026 06:23
f5360eca-7d66-4184-9392-65dead77dc73,broth.technology,available,12.99,28.49,high,low,5,namesilo,,,24/09/2026 10:49
232dd637-2e6c-4cd8-9dea-df49d5ff98ba,slithery.technology,available,3.98,37.98,medium,low,8,namecheap,,,10/09/2026 11:09
8726baff-a3cc-4ad7-9520-862059c875a8,eviction.technology,available,12.99,28.49,high,low,8,namesilo,,,24/09/2026 17:35
1aefe437-1bec-4dcb-9719-6e30f7ef5298,autosexing.technology,available,12.99,28.49,medium,low,10,namesilo,,,21/09/2026 07:42
f92ece02-6f77-4f70-b0d0-b7f5f3b5cb9e,stellate.technology,available,3.98,37.98,medium,low,8,namecheap,,,09/09/2026 09:34
1650807f-a89d-4414-9b42-bb1ebf518ee7,ina.technology,available,12.99,28.49,high,low,3,namesilo,,,28/09/2026 04:04
72658e79-522e-4400-ae69-21ad448c5102,robot.technology,resell,,,high,medium,5,"GoDaddy.com, LLC",16/02/2014 16:00,16/02/2027 16:00,26/09/2026 08:43
5d8704b7-0582-4c69-9f3a-b6564c7e7c5e,middling.technology,available,3.98,37.98,medium,low,8,namecheap,,,22/08/2026 13:46
b3122fc8-ca04-4a2f-ae4c-e9e88375b8f3,pawky.technology,available,3.98,37.98,medium,low,5,namecheap,,,08/09/2026 10:57
2632a33b-21a1-4c44-8eb5-222bed900ac6,stuyvesant.technology,available,12,,high,low,10,unstoppable,,,29/09/2026 19:58
f5775dc2-0887-4aca-a0bf-92b10e70a6c3,critics.technology,available,12,,low,low,7,unstoppable,,,28/09/2026 18:02
b3b55dce-2174-4db9-8005-ca4e506479f5,rhymed.technology,available,3.98,37.98,medium,low,6,namecheap,,,09/09/2026 16:51
e9ebca0f-1e67-4ca3-aa80-5b8e32dbc4e7,portent.technology,available,3.98,37.98,medium,low,7,namecheap,,,09/09/2026 02:55
0419bc6b-d09b-4144-843d-2143fe6a46d1,coordinates.technology,available,3.31,22.97,medium,low,11,spaceship,,,28/09/2026 04:24
a6456296-6f90-42fd-9ebc-cc3004f6bdf6,casserole.technology,available,12.99,28.49,high,low,9,namesilo,,,24/09/2026 13:04
11e4118c-65c1-4fa1-930c-0db5ee71dba4,nipponese.technology,available,3.98,37.98,medium,low,9,namecheap,,,22/08/2026 12:24
0128eeb5-7897-4c4a-a4cf-e758b99b71a6,arquebus.technology,available,3.98,37.98,high,low,8,namecheap,,,20/09/2026 08:40
4ee27c90-1cf8-41c2-901d-666969bce26b,derain.technology,available,12.99,28.49,medium,low,6,namesilo,,,19/09/2026 04:09
52aac0db-855c-474b-9e1f-160972ab5363,hokum.technology,available,3.98,37.98,medium,low,5,namecheap,,,03/09/2026 20:34
108647fe-1110-4379-8e5d-50d02dcb80ae,werewolves.technology,available,12.99,28.49,low,low,10,namesilo,,,19/09/2026 01:01
de942730-6e99-40ee-9b4e-2cfa0ea945c0,nan.technology,resell,,,high,low,3,"Spaceship, Inc.",23/02/2026 08:57,23/02/2027 08:57,29/09/2026 21:19
68275251-bc17-4f0e-9112-4ad06d1ca746,moonfish.technology,available,3.98,37.98,medium,low,8,namecheap,,,20/09/2026 21:37
5b61566f-6794-458c-b9f4-0f8f34158bdf,wrenching.technology,available,3.98,37.98,medium,low,9,namecheap,,,09/09/2026 09:27
2d2f51d1-6760-4075-b78f-63339b058360,receptions.technology,available,12.99,28.49,medium,low,10,namesilo,,,20/09/2026 06:10
3220b8ff-fb7d-417d-ada6-dc426ccd9b1c,divas.technology,available,12.99,28.49,medium,low,5,namesilo,,,20/09/2026 06:21
3cff5da8-3bb2-4ece-8b00-f275d916c54e,tatiana.technology,available,22.2,22.2,medium,low,7,cloudflare,,,29/09/2026 21:54
4b6dcc76-ba22-4679-8965-234084a08560,daredevil.technology,available,17.99,41.99,high,low,9,name.com,,,13/08/2026 17:43
6ea686de-4199-4d89-a856-be7d13c60445,ballpen.technology,available,12.99,28.49,medium,low,7,namesilo,,,21/09/2026 23:22
88961aa9-c360-49d4-8305-776ef2de5443,beadle.technology,available,3.98,37.98,medium,low,6,namecheap,,,22/09/2026 19:31
36283758-dc43-4afd-b05b-b83b75c20a68,westward.technology,available,3.98,37.98,medium,low,8,namecheap,,,13/09/2026 10:55
02c83ce8-b0e6-4a88-a805-80d5c7178080,afc.technology,available,12,,high,low,3,unstoppable,,,28/09/2026 16:17
54bf5f3d-c7fc-4255-82ac-4f628c52063e,unsinkable.technology,available,3.98,37.98,medium,low,10,namecheap,,,12/09/2026 19:58
f688e7d1-6d49-4384-be98-c33d39ae6ede,thirst.technology,available,9.85,23.76,high,low,6,dynadot,,,28/09/2026 19:46
7199ba04-187d-44bb-ba24-5ee7ac203ba5,pacemaker.technology,available,12.99,28.49,high,low,9,namesilo,,,20/09/2026 11:42
06f71189-12b4-48f1-a312-7ac102f49826,corrugated.technology,available,3.98,37.98,medium,low,10,namecheap,,,13/08/2026 02:13
96fbd7bf-dfdb-4f10-a00c-85f76725824b,rare.technology,resell,,,high,medium,4,"Spaceship, Inc.",07/02/2025 15:15,07/02/2027 15:15,27/09/2026 09:46
1e69fd35-0857-44a3-9661-e8d8215d7c03,expand.technology,available,12.99,28.49,high,low,6,namesilo,,,24/09/2026 13:38
6c529fcf-ec2d-4ef5-aba5-54ce362dac04,ointment.technology,available,3.98,37.98,high,low,8,namecheap,,,16/08/2026 15:54
8fb85da6-29f9-4472-ac37-3ee6174f5dfc,formulary.technology,available,3.98,37.98,medium,low,9,namecheap,,,18/08/2026 12:20
b720de8c-0e65-40a7-880f-7f3beac6f5f2,writers.technology,available,9.78,23.17,high,low,7,porkbun,,,28/09/2026 04:38
16ab4c6c-677d-44a6-8c08-c2567860cf74,yawning.technology,available,3.98,37.98,high,low,7,namecheap,,,13/09/2026 14:18
f4c967d2-2faa-426b-9b8f-01e04e28dfe6,salmagundi.technology,available,3.98,37.98,medium,low,10,namecheap,,,25/08/2026 08:22
14afea5b-2e00-40ca-a7bd-407f0effe656,anytime.technology,available,17.99,,high,low,7,name.com,,,
26bd9fd3-7c39-4b52-9657-32fcf6575fed,stripes.technology,available,12.99,28.49,high,low,7,namesilo,,,24/09/2026 14:23
d39649df-4806-4c74-b935-05cb8c42de85,gossip.technology,available,12.99,28.49,high,low,6,namesilo,,,24/09/2026 13:15
cd562423-3d70-4001-891f-331c24ad275c,citric.technology,available,3.98,37.98,medium,low,6,namecheap,,,12/08/2026 08:54
308571cc-89d3-4c55-850f-dfe835d3019c,statutory.technology,available,3.98,37.98,medium,low,9,namecheap,,,10/09/2026 19:20
cb4fbe39-7ee5-462c-b3f7-28a16cac7620,confiding.technology,available,3.98,37.98,high,low,9,namecheap,,,12/08/2026 20:45
e4d0ec6b-c140-4bb7-abf9-3fc4794eaedc,neuromotor.technology,available,3.98,37.98,medium,low,10,namecheap,,,03/09/2026 16:18
c5fce35f-16e9-43b3-874c-046f759c1389,adjustment.technology,available,3.98,37.98,high,low,10,namecheap,,,18/08/2026 05:52
23d09710-baf7-4d06-aa69-341c7dc1f4df,stocked.technology,available,3.98,37.98,high,low,7,namecheap,,,10/09/2026 20:54
04a3baa9-f479-44f6-acf4-a3a6a6c0f22d,fuel.technology,resell,,,high,low,4,,,,29/09/2026 20:07
b0cc72c8-12e8-41f8-bacd-337aac546d5d,fitly.technology,available,3.98,37.98,medium,low,5,namecheap,,,13/09/2026 20:33
7333c91e-5db0-4a79-86f6-da77913e8b13,damage.technology,available,12.99,28.49,high,low,6,namesilo,,,25/09/2026 04:36
5d26761b-3a5b-4872-b8c5-f3c76656bd37,prussian.technology,available,3.98,37.98,high,low,8,namecheap,,,09/09/2026 04:50
9a89c923-a54d-4cfe-99ae-55d7de2eda16,feline.technology,available,3.98,37.98,high,low,6,namecheap,,,18/08/2026 00:53
9dbd9265-a854-45d2-8345-be17e9cfeb25,intention.technology,available,3.98,37.98,high,low,9,namecheap,,,22/08/2026 07:55
33e5be52-1079-4f9f-8931-2aba1171bcd1,gypsy.technology,available,3.98,37.98,high,low,5,namecheap,,,10/08/2026 17:21
06fd1e00-1be3-4539-b525-2df198bcb52f,selflessly.technology,available,3.98,37.98,medium,low,10,namecheap,,,13/09/2026 19:23
41a81c6b-5814-45b0-b51c-be539754eba5,appall.technology,available,12.99,28.49,medium,low,6,namesilo,,,18/09/2026 01:55
a3e2e644-ef00-4ffb-9334-9e1ac807b2d9,mercantile.technology,available,3.98,37.98,high,low,10,namecheap,,,24/08/2026 20:23
93d4d574-ffa0-483e-a266-9741f8160d77,assaulter.technology,available,12.99,28.49,medium,low,9,namesilo,,,17/09/2026 17:42
b29841e0-5de7-4bd1-ba68-24465e9b1d75,bertolucci.technology,available,12.99,28.49,medium,low,10,namesilo,,,23/09/2026 09:50
34dace52-3077-49f3-b485-a972fa823494,futureless.technology,available,3.98,37.98,low,low,10,namecheap,,,18/08/2026 19:15
53296dbf-86a1-4a9d-82a4-d7c038a5c1d1,gladys.technology,available,12.99,28.49,medium,low,6,namesilo,,,26/09/2026 03:41
95a3f31a-5b67-4aff-ab24-8f60e37b0850,measurably.technology,available,3.98,37.98,medium,low,10,namecheap,,,15/09/2026 13:50
04cb6191-41bc-4d38-8d61-a98495cdac2c,patched.technology,available,3.98,37.98,high,low,7,namecheap,,,08/09/2026 10:18
8426072d-e0f0-4bd1-80b1-4016cd8a3773,hilda.technology,available,3.31,22.97,high,low,5,spaceship,,,27/09/2026 19:38
c95e2f77-d484-4a4d-ac54-d507064f2b76,uncritical.technology,available,3.98,37.98,medium,low,10,namecheap,,,12/09/2026 06:26
36095753-bea5-44a9-8435-c0beafa5a389,upstair.technology,available,3.98,37.98,medium,low,7,namecheap,,,12/09/2026 23:20
a7970fcd-922b-452f-8b43-0336d6bc422f,tropic.technology,available,3.98,37.98,high,low,6,namecheap,,,11/09/2026 20:25
4266d6ab-fcba-4f74-9360-2529b15f3803,livingstone.technology,available,22.2,22.2,high,low,11,cloudflare,,,28/09/2026 04:32
83923820-2b80-4987-b314-fb9e38e62bed,demesne.technology,available,12.99,28.49,medium,low,7,namesilo,,,17/09/2026 02:57
c21e7317-d2ff-4299-b030-582ee7e6a6c9,anagoge.technology,available,12.99,28.49,medium,low,7,namesilo,,,19/09/2026 01:27
890557d8-d10a-4874-99d9-c4e0bb5b511a,refine.technology,available,17.99,,high,low,6,name.com,,,
9f2eaae2-688d-421f-9def-205372a3e495,assayer.technology,available,12.99,28.49,medium,low,7,namesilo,,,20/09/2026 15:59
d1a62f02-cf9c-487a-8865-f242d3e2be7e,puzzled.technology,available,3.98,37.98,high,low,7,namecheap,,,07/08/2026 10:53
3e1b6535-9899-4238-ae0d-2a8fe544fa46,fraction.technology,available,12.99,28.49,high,low,8,namesilo,,,29/09/2026 07:00
478fcf2f-d900-4b4d-80e1-d48cb095bdb5,destroyer.technology,available,12.99,28.49,high,low,9,namesilo,,,28/09/2026 05:31
b882667a-62ba-4e1a-b50f-a8ed6a194a45,hickman.technology,available,12.99,28.49,high,low,7,namesilo,,,28/09/2026 16:11